url,company_name,city
https://www.shixiseng.com/intern/inn_kkshygphzdcy?pcm=pc_SearchList,字节跳动,薪资面议上海本科5天／周实习6个月
https://www.shixiseng.com/intern/inn_camtq3lhe48v?pcm=pc_SearchList,字节跳动,300/天上海本科4天／周实习4个月提供转正机会
https://www.shixiseng.com/intern/inn_7z9bovm2f7sc?pcm=pc_SearchList,字节跳动,300/天上海本科5天／周实习3个月提供转正机会
https://www.shixiseng.com/intern/inn_rhmboa6qlcft?pcm=pc_SearchList,字节跳动,100-200/天上海本科5天／周实习4个月
https://www.shixiseng.com/intern/inn_prexsqboiei7?pcm=pc_SearchList,字节跳动,200-300/天上海本科5天／周实习3个月
https://www.shixiseng.com/intern/inn_ria3k8byg96b?pcm=pc_SearchList,字节跳动,薪资面议上海本科5天／周实习4个月
https://www.shixiseng.com/intern/inn_yynxym7seku8?pcm=pc_SearchList,字节跳动,薪资面议上海本科5天／周实习3个月
https://www.shixiseng.com/intern/inn_ecbfosmubd56?pcm=pc_SearchList,字节跳动,400/天上海硕士5天／周实习3个月
https://www.shixiseng.com/intern/inn_qbhydbb4irl7?pcm=pc_SearchList,字节跳动,薪资面议上海本科5天／周实习4个月
https://www.shixiseng.com/intern/inn_f3gr9dddnghv?pcm=pc_SearchList,字节跳动,薪资面议上海本科5天／周实习5个月
https://www.shixiseng.com/intern/inn_aqnw18g7yy0t?pcm=pc_SearchList,字节跳动,150/天上海本科5天／周实习3个月
https://www.shixiseng.com/intern/inn_ufww6ebsrose?pcm=pc_SearchList,字节跳动,150/天上海本科5天／周实习1个月提供转正机会
https://www.shixiseng.com/intern/inn_en50rzfj6eec?pcm=pc_SearchList,字节跳动,150/天上海本科4天／周实习4个月提供转正机会
https://www.shixiseng.com/intern/inn_d5qofakvjrf4?pcm=pc_SearchList,字节跳动,150/天上海本科4天／周实习4个月提供转正机会
https://www.shixiseng.com/intern/inn_oxlg2ayynbs4?pcm=pc_SearchList,字节跳动,150/天上海本科4天／周实习4个月提供转正机会
https://www.shixiseng.com/intern/inn_kdl55eodolp3?pcm=pc_SearchList,字节跳动,150/天上海本科5天／周实习6个月
https://www.shixiseng.com/intern/inn_6bsluhayi2mc?pcm=pc_SearchList,字节跳动,120-180/天上海本科4天／周实习3个月
https://www.shixiseng.com/intern/inn_iggik2uz7nyi?pcm=pc_SearchList,字节跳动,120/天上海本科5天／周实习3个月
https://www.shixiseng.com/intern/inn_4vt93cl3aaf1?pcm=pc_SearchList,字节跳动,薪资面议上海不限5天／周实习4个月
https://www.shixiseng.com/intern/inn_u97lhgaxwi7k?pcm=pc_SearchList,字节跳动,150/天上海本科4天／周实习4个月
https://www.shixiseng.com/intern/inn_xxryhce3cktx?pcm=pc_SearchList,字节跳动,150/天上海本科5天／周实习3个月
https://www.shixiseng.com/intern/inn_xd9sbmibvtsl?pcm=pc_SearchList,字节跳动,150/天上海本科5天／周实习3个月
https://www.shixiseng.com/intern/inn_oeqgfnxa1faw?pcm=pc_SearchList,字节跳动,120-180/天上海本科5天／周实习3个月
https://www.shixiseng.com/intern/inn_itbt3cw4agdf?pcm=pc_SearchList,字节跳动,200/天上海本科5天／周实习6个月
https://www.shixiseng.com/intern/inn_yo6jrdp524bb?pcm=pc_SearchList,字节跳动,薪资面议上海本科5天／周实习7个月
https://www.shixiseng.com/intern/inn_v8q2pbst1syg?pcm=pc_SearchList,字节跳动,150/天上海本科5天／周实习3个月提供转正机会
https://www.shixiseng.com/intern/inn_co91d70hnyyv?pcm=pc_SearchList,字节跳动,200/天上海本科5天／周实习3个月
https://www.shixiseng.com/intern/inn_rwzs06hebu9d?pcm=pc_SearchList,字节跳动,200/天上海本科5天／周实习3个月
https://www.shixiseng.com/intern/inn_pcwrlpxhgvfr?pcm=pc_SearchList,字节跳动,200/天上海本科5天／周实习3个月
https://www.shixiseng.com/intern/inn_artrslnykot7?pcm=pc_SearchList,字节跳动,150/天上海本科5天／周实习4个月
https://www.shixiseng.com/intern/inn_zfxoku5ebkwc?pcm=pc_SearchList,百度,100-200/天上海本科5天／周实习4个月
https://www.shixiseng.com/intern/inn_gdfctdjk4ekx?pcm=pc_SearchList,百度,150-200/天上海本科5天／周实习3个月
https://www.shixiseng.com/intern/inn_oqq3xy4yddf2?pcm=pc_SearchList,百度,200-250/天上海本科5天／周实习4个月
https://www.shixiseng.com/intern/inn_gzcsr0efs8uq?pcm=pc_SearchList,百度,200-250/天上海硕士5天／周实习3个月
https://www.shixiseng.com/intern/inn_2cadv0zwllby?pcm=pc_SearchList,百度,120-150/天上海硕士5天／周实习3个月
https://www.shixiseng.com/intern/inn_fyvlbpqpdhoj?pcm=pc_SearchList,小米,250-400/天上海本科5天／周实习3个月
https://www.shixiseng.com/intern/inn_ecuafd06zpdk?pcm=pc_SearchList,小米,250-400/天上海硕士5天／周实习3个月
https://www.shixiseng.com/intern/inn_hgqsj2kig9ht?pcm=pc_SearchList,小米,250-400/天上海硕士5天／周实习3个月
https://www.shixiseng.com/intern/inn_qwhrcj04zysj?pcm=pc_SearchList,小米,250-400/天上海本科4天／周实习3个月
https://www.shixiseng.com/intern/inn_vzcb2ix9uht7?pcm=pc_SearchList,小米,150-250/天上海硕士5天／周实习7个月
https://www.shixiseng.com/intern/inn_ftnqsrph7hri?pcm=pc_SearchList,小米科技,100-150/天上海不限3天／周实习6个月
https://www.shixiseng.com/intern/inn_hc8rqoagjk65?pcm=pc_SearchList,京东,200-400/天上海本科5天／周实习3个月
https://www.shixiseng.com/intern/inn_sassdxvvhtzw?pcm=pc_SearchList,美团,200-250/天上海本科5天／周实习3个月
https://www.shixiseng.com/intern/inn_nl5do1fhzvds?pcm=pc_SearchList,美团,250-300/天上海不限4天／周实习6个月
https://www.shixiseng.com/intern/inn_xpqafiwytgfo?pcm=pc_SearchList,美团,250-300/天上海本科5天／周实习3个月
https://www.shixiseng.com/intern/inn_onqc6mv4izyk?pcm=pc_SearchList,美团,200-250/天上海本科5天／周实习3个月
https://www.shixiseng.com/intern/inn_sxlhi0ynkdoj?pcm=pc_SearchList,美团,250-300/天上海本科5天／周实习3个月
https://www.shixiseng.com/intern/inn_x0ptuicc8jqs?pcm=pc_SearchList,美团,200-250/天上海本科5天／周实习4个月
https://www.shixiseng.com/intern/inn_d8zmcxlu1jzd?pcm=pc_SearchList,美团,200-250/天上海本科5天／周实习3个月
https://www.shixiseng.com/intern/inn_akk7irihdrrc?pcm=pc_SearchList,美团,200-250/天上海不限4天／周实习6个月
https://www.shixiseng.com/intern/inn_s2adgrbfqolx?pcm=pc_SearchList,美团,250-300/天上海本科5天／周实习4个月
https://www.shixiseng.com/intern/inn_jlftnlool7qs?pcm=pc_SearchList,美团,200-250/天上海不限5天／周实习3个月
https://www.shixiseng.com/intern/inn_3c0xgwphh926?pcm=pc_SearchList,美团,200-250/天上海硕士5天／周实习3个月
https://www.shixiseng.com/intern/inn_ofzezte4liaa?pcm=pc_SearchList,美团,200-250/天上海本科4天／周实习4个月
https://www.shixiseng.com/intern/inn_raomticdxpt4?pcm=pc_SearchList,美团,180-250/天上海本科5天／周实习3个月
https://www.shixiseng.com/intern/inn_cejyzjdem3zk?pcm=pc_SearchList,美团,200-250/天上海本科4天／周实习4个月
https://www.shixiseng.com/intern/inn_hn7pmxdfkpj7?pcm=pc_SearchList,美团,200-250/天上海本科5天／周实习4个月
https://www.shixiseng.com/intern/inn_6utbxtqvl9u3?pcm=pc_SearchList,美团,200-250/天上海本科5天／周实习3个月
https://www.shixiseng.com/intern/inn_k8s0kfvb2hrz?pcm=pc_SearchList,美团,200-250/天上海本科5天／周实习3个月
https://www.shixiseng.com/intern/inn_55nzwjjmfokc?pcm=pc_SearchList,美团,200-250/天上海本科5天／周实习3个月
https://www.shixiseng.com/intern/inn_jxpj9sczt19n?pcm=pc_SearchList,美团,200-250/天上海本科5天／周实习3个月提供转正机会
https://www.shixiseng.com/intern/inn_kapixgw2ttd8?pcm=pc_SearchList,美团,200-250/天上海本科5天／周实习3个月
https://www.shixiseng.com/intern/inn_65hzvnjxj2kf?pcm=pc_SearchList,美团,200-250/天上海本科5天／周实习3个月
https://www.shixiseng.com/intern/inn_lmr6mr2dobgx?pcm=pc_SearchList,美团,200-250/天上海本科5天／周实习7个月
https://www.shixiseng.com/intern/inn_vnmmul0ehog6?pcm=pc_SearchList,美团,200-250/天上海本科5天／周实习3个月
https://www.shixiseng.com/intern/inn_wapx0qskassa?pcm=pc_SearchList,美团,200-250/天上海本科5天／周实习3个月
https://www.shixiseng.com/intern/inn_yluqmyxkkbao?pcm=pc_SearchList,美团,200-250/天上海本科5天／周实习6个月
https://www.shixiseng.com/intern/inn_losd3ycptuz9?pcm=pc_SearchList,拼多多集团-PDD,120-150/天上海本科5天／周实习2个月提供转正机会
https://www.shixiseng.com/intern/inn_w6krra1ayhge?pcm=pc_SearchList,快手,136-272/天上海本科5天／周实习6个月
https://www.shixiseng.com/intern/inn_ejgkb8dwpz6r?pcm=pc_SearchList,快手,200-250/天上海本科5天／周实习3个月提供转正机会
https://www.shixiseng.com/intern/inn_gsxqpqbsxmx7?pcm=pc_SearchList,快手,150-200/天上海本科5天／周实习3个月
https://www.shixiseng.com/intern/inn_xkquns81pr8b?pcm=pc_SearchList,快手,180-200/天上海本科5天／周实习3个月
https://www.shixiseng.com/intern/inn_mbhpjfokynis?pcm=pc_SearchList,快手,150-200/天上海本科5天／周实习6个月
https://www.shixiseng.com/intern/inn_bfsmyynsuumf?pcm=pc_SearchList,哔哩哔哩,150-200/天上海本科4天／周实习4个月
https://www.shixiseng.com/intern/inn_x1zucmchipbz?pcm=pc_SearchList,哔哩哔哩,200-250/天上海本科4天／周实习4个月
https://www.shixiseng.com/intern/inn_ob2fiyx3jk1q?pcm=pc_SearchList,哔哩哔哩,200-250/天上海本科5天／周实习3个月
https://www.shixiseng.com/intern/inn_zp4skef6ustb?pcm=pc_SearchList,哔哩哔哩,200-250/天上海本科4天／周实习3个月
https://www.shixiseng.com/intern/inn_q5cyxzvwjauh?pcm=pc_SearchList,哔哩哔哩,200-250/天上海本科4天／周实习3个月
https://www.shixiseng.com/intern/inn_6txbczmhvowi?pcm=pc_SearchList,哔哩哔哩,200-250/天上海本科4天／周实习6个月
https://www.shixiseng.com/intern/inn_vmk1lqftrgmk?pcm=pc_SearchList,哔哩哔哩,200-250/天上海本科4天／周实习3个月
https://www.shixiseng.com/intern/inn_k9acgcgc3fh9?pcm=pc_SearchList,哔哩哔哩,250-300/天上海本科4天／周实习3个月
https://www.shixiseng.com/intern/inn_6yfybzzbnt8j?pcm=pc_SearchList,哔哩哔哩,200-250/天上海本科4天／周实习4个月
https://www.shixiseng.com/intern/inn_wlofz6by9ira?pcm=pc_SearchList,哔哩哔哩,200-250/天上海本科4天／周实习3个月
https://www.shixiseng.com/intern/inn_apkszzjqtdoy?pcm=pc_SearchList,哔哩哔哩,250-300/天上海本科4天／周实习3个月
https://www.shixiseng.com/intern/inn_0mqc34uiv9yg?pcm=pc_SearchList,哔哩哔哩,200-250/天上海硕士4天／周实习3个月
https://www.shixiseng.com/intern/inn_ofesryqlnldo?pcm=pc_SearchList,哔哩哔哩,150-180/天上海本科4天／周实习3个月
https://www.shixiseng.com/intern/inn_q2ogahufkqvj?pcm=pc_SearchList,哔哩哔哩,200-250/天上海本科4天／周实习3个月
https://www.shixiseng.com/intern/inn_b9tguae0pige?pcm=pc_SearchList,哔哩哔哩,200-250/天上海本科4天／周实习6个月
https://www.shixiseng.com/intern/inn_z8lwopqleztt?pcm=pc_SearchList,哔哩哔哩,200-250/天上海本科4天／周实习3个月
https://www.shixiseng.com/intern/inn_6k3fn4f2dubc?pcm=pc_SearchList,哔哩哔哩,200-250/天上海本科4天／周实习3个月
https://www.shixiseng.com/intern/inn_47daikb7sflj?pcm=pc_SearchList,哔哩哔哩,200-250/天上海本科4天／周实习3个月
https://www.shixiseng.com/intern/inn_nswvgb88qkxv?pcm=pc_SearchList,哔哩哔哩,200-250/天上海本科4天／周实习3个月
https://www.shixiseng.com/intern/inn_1ebllcrwffr7?pcm=pc_SearchList,哔哩哔哩,200-250/天上海本科4天／周实习3个月
https://www.shixiseng.com/intern/inn_jvezipyz5cnt?pcm=pc_SearchList,哔哩哔哩,200-250/天上海本科4天／周实习3个月
https://www.shixiseng.com/intern/inn_czlkcuwhouf0?pcm=pc_SearchList,哔哩哔哩,200-250/天上海本科4天／周实习3个月
https://www.shixiseng.com/intern/inn_zpqhwku4uztk?pcm=pc_SearchList,哔哩哔哩,200-250/天上海本科4天／周实习3个月
https://www.shixiseng.com/intern/inn_zruk8crbiryh?pcm=pc_SearchList,哔哩哔哩,200-250/天上海本科4天／周实习3个月
https://www.shixiseng.com/intern/inn_ao3u1uh1wegs?pcm=pc_SearchList,哔哩哔哩,200-250/天上海本科4天／周实习5个月
https://www.shixiseng.com/intern/inn_ncrdwcjestte?pcm=pc_SearchList,哔哩哔哩,200-250/天上海本科4天／周实习3个月
https://www.shixiseng.com/intern/inn_nreprcfuuuqu?pcm=pc_SearchList,哔哩哔哩,200-250/天上海本科5天／周实习5个月
https://www.shixiseng.com/intern/inn_uesbcsxb7lgi?pcm=pc_SearchList,哔哩哔哩,200-250/天上海本科4天／周实习3个月
https://www.shixiseng.com/intern/inn_uwaiw92zeuol?pcm=pc_SearchList,哔哩哔哩,150-250/天上海本科4天／周实习3个月
https://www.shixiseng.com/intern/inn_t54s22yjom8i?pcm=pc_SearchList,哔哩哔哩,150-250/天上海本科4天／周实习3个月
https://www.shixiseng.com/intern/inn_i5rx6lyfb8ms?pcm=pc_SearchList,小红书,150-200/天上海本科5天／周实习4个月
https://www.shixiseng.com/intern/inn_6gd9pnhjpcmr?pcm=pc_SearchList,小红书,薪资面议上海不限4天／周实习4个月
https://www.shixiseng.com/intern/inn_pqrzmueegx0w?pcm=pc_SearchList,小红书,150-200/天上海不限5天／周实习3个月
https://www.shixiseng.com/intern/inn_coqvtglrr96b?pcm=pc_SearchList,小红书,120-150/天上海本科5天／周实习6个月
https://www.shixiseng.com/intern/inn_df4cengsauuz?pcm=pc_SearchList,小红书,150-200/天上海本科4天／周实习3个月
https://www.shixiseng.com/intern/inn_55xdbl1qdfyg?pcm=pc_SearchList,小红书,150-200/天上海本科5天／周实习3个月
https://www.shixiseng.com/intern/inn_6dmmcgslmge6?pcm=pc_SearchList,小红书,250-300/天上海本科5天／周实习3个月
https://www.shixiseng.com/intern/inn_amgozgqejvje?pcm=pc_SearchList,小红书,150-200/天上海本科4天／周实习7个月
https://www.shixiseng.com/intern/inn_4hp17mpvcqih?pcm=pc_SearchList,小红书,250-300/天上海硕士5天／周实习3个月
https://www.shixiseng.com/intern/inn_zk6hsd30apo1?pcm=pc_SearchList,小红书,150/天上海本科5天／周实习3个月
https://www.shixiseng.com/intern/inn_cil9utlddi7c?pcm=pc_SearchList,小红书,150-200/天上海本科5天／周实习6个月
https://www.shixiseng.com/intern/inn_w6uwpsp1p49i?pcm=pc_SearchList,小红书,150/天上海本科5天／周实习4个月
https://www.shixiseng.com/intern/inn_abe7fzf2rcvn?pcm=pc_SearchList,小红书,薪资面议上海本科4天／周实习6个月
https://www.shixiseng.com/intern/inn_hfs0azrz3cqs?pcm=pc_SearchList,小红书,薪资面议上海本科5天／周实习3个月
https://www.shixiseng.com/intern/inn_u4ovdzilhljg?pcm=pc_SearchList,小红书,薪资面议上海本科5天／周实习3个月
https://www.shixiseng.com/intern/inn_evxvn9xzw4se?pcm=pc_SearchList,小红书,150-200/天上海本科5天／周实习6个月
https://www.shixiseng.com/intern/inn_bflgc5rwpdkf?pcm=pc_SearchList,小红书,150/天上海本科5天／周实习3个月
https://www.shixiseng.com/intern/inn_qo8tgecv5ft1?pcm=pc_SearchList,小红书,150-200/天上海不限5天／周实习3个月
https://www.shixiseng.com/intern/inn_uqoha6d5wkuo?pcm=pc_SearchList,小红书,150/天上海本科5天／周实习3个月
https://www.shixiseng.com/intern/inn_6qwik6pyglea?pcm=pc_SearchList,小红书,150/天上海本科5天／周实习6个月
https://www.shixiseng.com/intern/inn_ynf2rntkrdxw?pcm=pc_SearchList,小红书,150-200/天上海本科5天／周实习4个月
https://www.shixiseng.com/intern/inn_nmaxmdhwdcw8?pcm=pc_SearchList,小红书,150-200/天上海本科5天／周实习7个月
https://www.shixiseng.com/intern/inn_a3nkuifyehey?pcm=pc_SearchList,小红书,150-200/天上海本科4天／周实习3个月
https://www.shixiseng.com/intern/inn_fx85rhoglpam?pcm=pc_SearchList,小红书,150-200/天上海本科5天／周实习5个月
https://www.shixiseng.com/intern/inn_b5jkz7pxcgcz?pcm=pc_SearchList,小红书,150-200/天上海本科5天／周实习1个月
https://www.shixiseng.com/intern/inn_yokqxjwcuin9?pcm=pc_SearchList,小红书,150-200/天上海硕士5天／周实习6个月
https://www.shixiseng.com/intern/inn_sc2nzkrt8kws?pcm=pc_SearchList,小红书,150-200/天上海本科5天／周实习3个月
https://www.shixiseng.com/intern/inn_kzcwp6bblemg?pcm=pc_SearchList,小红书,150-200/天上海本科5天／周实习7个月
https://www.shixiseng.com/intern/inn_bzoyr4gtnrzz?pcm=pc_SearchList,小红书,150/天上海本科5天／周实习4个月
https://www.shixiseng.com/intern/inn_qxuxxeqqxqsc?pcm=pc_SearchList,小红书,150-200/天上海本科5天／周实习3个月
https://www.shixiseng.com/intern/inn_advhxstkahip?pcm=pc_SearchList,滴滴,250-300/天上海本科4天／周实习6个月
https://www.shixiseng.com/intern/inn_3fp2lla96fat?pcm=pc_SearchList,滴滴,200-300/天上海硕士4天／周实习6个月
https://www.shixiseng.com/intern/inn_xm5rx9sb22xs?pcm=pc_SearchList,滴滴,200-300/天上海硕士4天／周实习7个月
https://www.shixiseng.com/intern/inn_qbflbeaaxwzj?pcm=pc_SearchList,滴滴,200-300/天上海硕士3天／周实习7个月
https://www.shixiseng.com/intern/inn_unm74xa339mq?pcm=pc_SearchList,滴滴,200-300/天上海本科3天／周实习6个月
https://www.shixiseng.com/intern/inn_yoznxixpvc6f?pcm=pc_SearchList,滴滴,200-250/天上海本科4天／周实习4个月
https://www.shixiseng.com/intern/inn_xzlpgsnt8kuh?pcm=pc_SearchList,滴滴,200-250/天上海本科5天／周实习6个月提供转正机会
https://www.shixiseng.com/intern/inn_jj3ubwr1vbvd?pcm=pc_SearchList,滴滴,150-200/天上海本科4天／周实习4个月
https://www.shixiseng.com/intern/inn_p0ofyqtkrk0i?pcm=pc_SearchList,地平线,100-200/天全国本科7天／周实习3个月
https://www.shixiseng.com/intern/inn_zoiffozetnro?pcm=pc_SearchList,地平线,150-300/天上海硕士5天／周实习3个月
https://www.shixiseng.com/intern/inn_2xrp4tt9cpna?pcm=pc_SearchList,地平线,150-200/天上海本科5天／周实习6个月
https://www.shixiseng.com/intern/inn_4caedxttnfof?pcm=pc_SearchList,地平线,150-300/天上海本科5天／周实习3个月
https://www.shixiseng.com/intern/inn_6s00iw66uphh?pcm=pc_SearchList,地平线,150-300/天上海硕士5天／周实习3个月
https://www.shixiseng.com/intern/inn_djneayasm3bb?pcm=pc_SearchList,地平线,200-400/天上海本科5天／周实习5个月
https://www.shixiseng.com/intern/inn_uoelzwrromah?pcm=pc_SearchList,地平线,250-300/天上海硕士5天／周实习3个月
https://www.shixiseng.com/intern/inn_7fvc9gc44p4l?pcm=pc_SearchList,地平线,200-400/天上海本科5天／周实习5个月
https://www.shixiseng.com/intern/inn_umtw7bshn9xl?pcm=pc_SearchList,地平线,200-400/天上海本科5天／周实习6个月
https://www.shixiseng.com/intern/inn_bfqjivha4jc0?pcm=pc_SearchList,地平线,150-300/天上海本科5天／周实习5个月
https://www.shixiseng.com/intern/inn_4w2ocdcof1oh?pcm=pc_SearchList,NIO蔚来,200/天上海硕士4天／周实习4个月
https://www.shixiseng.com/intern/inn_sjlzebxxdimu?pcm=pc_SearchList,NIO蔚来,150-200/天上海本科5天／周实习3个月
https://www.shixiseng.com/intern/inn_wsowd0me1bbt?pcm=pc_SearchList,NIO蔚来,150-200/天上海本科5天／周实习3个月
https://www.shixiseng.com/intern/inn_oo6mtz1dfmgy?pcm=pc_SearchList,NIO蔚来,200/天上海本科4天／周实习6个月
https://www.shixiseng.com/intern/inn_3j8zv4mbttll?pcm=pc_SearchList,NIO蔚来,200/天上海本科5天／周实习3个月
https://www.shixiseng.com/intern/inn_ykab3xakwkrs?pcm=pc_SearchList,NIO蔚来,200/天上海本科5天／周实习4个月
https://www.shixiseng.com/intern/inn_4dx9cxxgxkdc?pcm=pc_SearchList,NIO蔚来,200/天上海本科4天／周实习4个月
https://www.shixiseng.com/intern/inn_dwdui6x8ihae?pcm=pc_SearchList,NIO蔚来,300/天上海不限5天／周实习4个月
https://www.shixiseng.com/intern/inn_8581nmob5sdh?pcm=pc_SearchList,NIO蔚来,200/天上海本科4天／周实习6个月
https://www.shixiseng.com/intern/inn_e2h98toq1fya?pcm=pc_SearchList,NIO蔚来,200/天上海本科4天／周实习6个月
https://www.shixiseng.com/intern/inn_txzsuel9udn0?pcm=pc_SearchList,NIO蔚来,200/天上海本科4天／周实习4个月
https://www.shixiseng.com/intern/inn_v1229zijudf6?pcm=pc_SearchList,NIO蔚来,200/天上海本科5天／周实习6个月
https://www.shixiseng.com/intern/inn_8mvsrlphlvdi?pcm=pc_SearchList,NIO蔚来,200/天上海本科4天／周实习3个月
https://www.shixiseng.com/intern/inn_7jphppntmham?pcm=pc_SearchList,NIO蔚来,150-200/天上海本科5天／周实习3个月
https://www.shixiseng.com/intern/inn_4ng6jd5xuq42?pcm=pc_SearchList,NIO蔚来,200/天上海本科4天／周实习6个月
https://www.shixiseng.com/intern/inn_hqa5zzqezos7?pcm=pc_SearchList,NIO蔚来,200-300/天上海本科4天／周实习4个月
https://www.shixiseng.com/intern/inn_8ltcr8o2z6bw?pcm=pc_SearchList,NIO蔚来,180-200/天上海本科3天／周实习3个月
https://www.shixiseng.com/intern/inn_xpox19s8o4t2?pcm=pc_SearchList,NIO蔚来,200/天上海本科5天／周实习4个月
https://www.shixiseng.com/intern/inn_zcrv4olcgjaw?pcm=pc_SearchList,NIO蔚来,250-300/天上海不限5天／周实习5个月
https://www.shixiseng.com/intern/inn_bxwuth85vvla?pcm=pc_SearchList,NIO蔚来,150-200/天上海本科5天／周实习3个月
https://www.shixiseng.com/intern/inn_qvrh6hqb9eh5?pcm=pc_SearchList,NIO蔚来,200/天上海本科5天／周实习3个月
https://www.shixiseng.com/intern/inn_mblyeh6ykgyg?pcm=pc_SearchList,NIO蔚来,200/天上海不限4天／周实习3个月
https://www.shixiseng.com/intern/inn_uz9vf4icrugm?pcm=pc_SearchList,NIO蔚来,200/天上海本科4天／周实习4个月
https://www.shixiseng.com/intern/inn_oaptttox5phg?pcm=pc_SearchList,NIO蔚来,200/天上海不限5天／周实习3个月
https://www.shixiseng.com/intern/inn_zlafnoj6mplt?pcm=pc_SearchList,NIO蔚来,200/天上海本科5天／周实习3个月
https://www.shixiseng.com/intern/inn_r79lheygjcbj?pcm=pc_SearchList,NIO蔚来,200/天上海本科5天／周实习3个月
https://www.shixiseng.com/intern/inn_pxjuswxpm7qo?pcm=pc_SearchList,NIO蔚来,200/天上海本科5天／周实习6个月
https://www.shixiseng.com/intern/inn_xglyfyvi3vrl?pcm=pc_SearchList,NIO蔚来,200/天上海大专4天／周实习3个月
https://www.shixiseng.com/intern/inn_j070xb4nrgyp?pcm=pc_SearchList,NIO蔚来,150-200/天上海大专5天／周实习3个月
https://www.shixiseng.com/intern/inn_onssb1dmkqop?pcm=pc_SearchList,NIO蔚来,200/天上海不限4天／周实习4个月
https://www.shixiseng.com/intern/inn_mxg9tbtfszjn?pcm=pc_SearchList,小鹏汽车,100-150/天上海不限5天／周实习3个月
https://www.shixiseng.com/intern/inn_4vvhzlnk67ux?pcm=pc_SearchList,小鹏汽车,100-150/天上海本科5天／周实习6个月
https://www.shixiseng.com/intern/inn_p6k01ftmne89?pcm=pc_SearchList,小鹏汽车,100-150/天上海硕士4天／周实习6个月
https://www.shixiseng.com/intern/inn_t0f0z6nle2bo?pcm=pc_SearchList,小鹏汽车,100-150/天上海本科4天／周实习6个月
https://www.shixiseng.com/intern/inn_suscnhlxm6cj?pcm=pc_SearchList,理想汽车,200-300/天上海硕士5天／周实习3个月
https://www.shixiseng.com/intern/inn_ekxsmqgutmsn?pcm=pc_SearchList,理想汽车,300-400/天上海硕士5天／周实习4个月
https://www.shixiseng.com/intern/inn_gkbtxsjegpog?pcm=pc_SearchList,理想汽车,300-400/天上海硕士5天／周实习4个月提供转正机会
https://www.shixiseng.com/intern/inn_xoysbgx9rpno?pcm=pc_SearchList,理想汽车,300-400/天上海硕士5天／周实习4个月提供转正机会
https://www.shixiseng.com/intern/inn_3jeihilf6i4n?pcm=pc_SearchList,理想汽车,300-400/天上海硕士5天／周实习3个月
https://www.shixiseng.com/intern/inn_1s8zbuntn7ze?pcm=pc_SearchList,TESLA-特斯拉,150-250/天上海本科4天／周实习5个月
https://www.shixiseng.com/intern/inn_fb8oxpschogd?pcm=pc_SearchList,TESLA-特斯拉,250-400/天上海硕士3天／周实习6个月提供转正机会
https://www.shixiseng.com/intern/inn_lmogkzume4nr?pcm=pc_SearchList,TESLA-特斯拉,250-400/天上海本科3天／周实习7个月提供转正机会
https://www.shixiseng.com/intern/inn_ij3ffeepnrrl?pcm=pc_SearchList,TESLA-特斯拉,180-200/天上海本科5天／周实习7个月
https://www.shixiseng.com/intern/inn_94qxspeuzyll?pcm=pc_SearchList,TESLA-特斯拉,200-250/天上海本科5天／周实习6个月
https://www.shixiseng.com/intern/inn_dh7uzldcyp4v?pcm=pc_SearchList,TESLA-特斯拉,180-300/天上海本科5天／周实习4个月
https://www.shixiseng.com/intern/inn_acnpzjdfgpkc?pcm=pc_SearchList,TESLA-特斯拉,150-200/天上海本科5天／周实习6个月
https://www.shixiseng.com/intern/inn_rmpimft8hps8?pcm=pc_SearchList,TESLA-特斯拉,200-250/天上海本科5天／周实习4个月
https://www.shixiseng.com/intern/inn_p0ofyqtkrk0i?pcm=pc_SearchList,地平线,100-200/天全国本科7天／周实习3个月
https://www.shixiseng.com/intern/inn_zoiffozetnro?pcm=pc_SearchList,地平线,150-300/天上海硕士5天／周实习3个月
https://www.shixiseng.com/intern/inn_2xrp4tt9cpna?pcm=pc_SearchList,地平线,150-200/天上海本科5天／周实习6个月
https://www.shixiseng.com/intern/inn_4caedxttnfof?pcm=pc_SearchList,地平线,150-300/天上海本科5天／周实习3个月
https://www.shixiseng.com/intern/inn_6s00iw66uphh?pcm=pc_SearchList,地平线,150-300/天上海硕士5天／周实习3个月
https://www.shixiseng.com/intern/inn_djneayasm3bb?pcm=pc_SearchList,地平线,200-400/天上海本科5天／周实习5个月
https://www.shixiseng.com/intern/inn_uoelzwrromah?pcm=pc_SearchList,地平线,250-300/天上海硕士5天／周实习3个月
https://www.shixiseng.com/intern/inn_7fvc9gc44p4l?pcm=pc_SearchList,地平线,200-400/天上海本科5天／周实习5个月
https://www.shixiseng.com/intern/inn_umtw7bshn9xl?pcm=pc_SearchList,地平线,200-400/天上海本科5天／周实习6个月
https://www.shixiseng.com/intern/inn_bfqjivha4jc0?pcm=pc_SearchList,地平线,150-300/天上海本科5天／周实习5个月
https://www.shixiseng.com/intern/inn_ee28oe7yx8xh?pcm=pc_SearchList,美的集团（上海）有限公司,250-300/天上海硕士5天／周实习6个月
https://www.shixiseng.com/intern/inn_iopkrgam0ao9?pcm=pc_SearchList,美的集团（上海）有限公司,200-300/天上海硕士5天／周实习5个月
https://www.shixiseng.com/intern/inn_htqqn0lmairb?pcm=pc_SearchList,美的集团,150-200/天上海硕士5天／周实习6个月
https://www.shixiseng.com/intern/inn_m70dxtzf70wi?pcm=pc_SearchList,美的集团,150-200/天上海本科5天／周实习1个月
https://www.shixiseng.com/intern/inn_enza4qrbcvpx?pcm=pc_SearchList,美的集团,150-200/天上海硕士5天／周实习6个月
https://www.shixiseng.com/intern/inn_4w2ocdcof1oh?pcm=pc_SearchList,NIO蔚来,200/天上海硕士4天／周实习4个月
https://www.shixiseng.com/intern/inn_sjlzebxxdimu?pcm=pc_SearchList,NIO蔚来,150-200/天上海本科5天／周实习3个月
https://www.shixiseng.com/intern/inn_wsowd0me1bbt?pcm=pc_SearchList,NIO蔚来,150-200/天上海本科5天／周实习3个月
https://www.shixiseng.com/intern/inn_oo6mtz1dfmgy?pcm=pc_SearchList,NIO蔚来,200/天上海本科4天／周实习6个月
https://www.shixiseng.com/intern/inn_3j8zv4mbttll?pcm=pc_SearchList,NIO蔚来,200/天上海本科5天／周实习3个月
https://www.shixiseng.com/intern/inn_ykab3xakwkrs?pcm=pc_SearchList,NIO蔚来,200/天上海本科5天／周实习4个月
https://www.shixiseng.com/intern/inn_4dx9cxxgxkdc?pcm=pc_SearchList,NIO蔚来,200/天上海本科4天／周实习4个月
https://www.shixiseng.com/intern/inn_dwdui6x8ihae?pcm=pc_SearchList,NIO蔚来,300/天上海不限5天／周实习4个月
https://www.shixiseng.com/intern/inn_8581nmob5sdh?pcm=pc_SearchList,NIO蔚来,200/天上海本科4天／周实习6个月
https://www.shixiseng.com/intern/inn_e2h98toq1fya?pcm=pc_SearchList,NIO蔚来,200/天上海本科4天／周实习6个月
https://www.shixiseng.com/intern/inn_txzsuel9udn0?pcm=pc_SearchList,NIO蔚来,200/天上海本科4天／周实习4个月
https://www.shixiseng.com/intern/inn_v1229zijudf6?pcm=pc_SearchList,NIO蔚来,200/天上海本科5天／周实习6个月
https://www.shixiseng.com/intern/inn_8mvsrlphlvdi?pcm=pc_SearchList,NIO蔚来,200/天上海本科4天／周实习3个月
https://www.shixiseng.com/intern/inn_7jphppntmham?pcm=pc_SearchList,NIO蔚来,150-200/天上海本科5天／周实习3个月
https://www.shixiseng.com/intern/inn_4ng6jd5xuq42?pcm=pc_SearchList,NIO蔚来,200/天上海本科4天／周实习6个月
https://www.shixiseng.com/intern/inn_hqa5zzqezos7?pcm=pc_SearchList,NIO蔚来,200-300/天上海本科4天／周实习4个月
https://www.shixiseng.com/intern/inn_8ltcr8o2z6bw?pcm=pc_SearchList,NIO蔚来,180-200/天上海本科3天／周实习3个月
https://www.shixiseng.com/intern/inn_xpox19s8o4t2?pcm=pc_SearchList,NIO蔚来,200/天上海本科5天／周实习4个月
https://www.shixiseng.com/intern/inn_zcrv4olcgjaw?pcm=pc_SearchList,NIO蔚来,250-300/天上海不限5天／周实习5个月
https://www.shixiseng.com/intern/inn_bxwuth85vvla?pcm=pc_SearchList,NIO蔚来,150-200/天上海本科5天／周实习3个月
https://www.shixiseng.com/intern/inn_qvrh6hqb9eh5?pcm=pc_SearchList,NIO蔚来,200/天上海本科5天／周实习3个月
https://www.shixiseng.com/intern/inn_mblyeh6ykgyg?pcm=pc_SearchList,NIO蔚来,200/天上海不限4天／周实习3个月
https://www.shixiseng.com/intern/inn_uz9vf4icrugm?pcm=pc_SearchList,NIO蔚来,200/天上海本科4天／周实习4个月
https://www.shixiseng.com/intern/inn_oaptttox5phg?pcm=pc_SearchList,NIO蔚来,200/天上海不限5天／周实习3个月
https://www.shixiseng.com/intern/inn_zlafnoj6mplt?pcm=pc_SearchList,NIO蔚来,200/天上海本科5天／周实习3个月
https://www.shixiseng.com/intern/inn_xglyfyvi3vrl?pcm=pc_SearchList,NIO蔚来,200/天上海大专4天／周实习3个月
https://www.shixiseng.com/intern/inn_j070xb4nrgyp?pcm=pc_SearchList,NIO蔚来,150-200/天上海大专5天／周实习3个月
https://www.shixiseng.com/intern/inn_yfcz5fkvikpy?pcm=pc_SearchList,NIO蔚来,200/天上海本科4天／周实习3个月
https://www.shixiseng.com/intern/inn_hk1g1azfvzjt?pcm=pc_SearchList,NIO蔚来,200/天上海不限5天／周实习3个月
https://www.shixiseng.com/intern/inn_kwmhze7fqn2d?pcm=pc_SearchList,NIO蔚来,150-200/天上海本科5天／周实习3个月
https://www.shixiseng.com/intern/inn_mxg9tbtfszjn?pcm=pc_SearchList,小鹏汽车,100-150/天上海不限5天／周实习3个月
https://www.shixiseng.com/intern/inn_4vvhzlnk67ux?pcm=pc_SearchList,小鹏汽车,100-150/天上海本科5天／周实习6个月
https://www.shixiseng.com/intern/inn_p6k01ftmne89?pcm=pc_SearchList,小鹏汽车,100-150/天上海硕士4天／周实习6个月
https://www.shixiseng.com/intern/inn_t0f0z6nle2bo?pcm=pc_SearchList,小鹏汽车,100-150/天上海本科4天／周实习6个月
https://www.shixiseng.com/intern/inn_suscnhlxm6cj?pcm=pc_SearchList,理想汽车,200-300/天上海硕士5天／周实习3个月
https://www.shixiseng.com/intern/inn_ekxsmqgutmsn?pcm=pc_SearchList,理想汽车,300-400/天上海硕士5天／周实习4个月
https://www.shixiseng.com/intern/inn_gkbtxsjegpog?pcm=pc_SearchList,理想汽车,300-400/天上海硕士5天／周实习4个月提供转正机会
https://www.shixiseng.com/intern/inn_xoysbgx9rpno?pcm=pc_SearchList,理想汽车,300-400/天上海硕士5天／周实习4个月提供转正机会
https://www.shixiseng.com/intern/inn_3jeihilf6i4n?pcm=pc_SearchList,理想汽车,300-400/天上海硕士5天／周实习3个月
https://www.shixiseng.com/intern/inn_ij3ffeepnrrl?pcm=pc_SearchList,TESLA-特斯拉,180-200/天上海本科5天／周实习7个月
https://www.shixiseng.com/intern/inn_1s8zbuntn7ze?pcm=pc_SearchList,TESLA-特斯拉,150-250/天上海本科4天／周实习5个月
https://www.shixiseng.com/intern/inn_fb8oxpschogd?pcm=pc_SearchList,TESLA-特斯拉,250-400/天上海硕士3天／周实习6个月提供转正机会
https://www.shixiseng.com/intern/inn_lmogkzume4nr?pcm=pc_SearchList,TESLA-特斯拉,250-400/天上海本科3天／周实习7个月提供转正机会
https://www.shixiseng.com/intern/inn_94qxspeuzyll?pcm=pc_SearchList,TESLA-特斯拉,200-250/天上海本科5天／周实习6个月
https://www.shixiseng.com/intern/inn_dh7uzldcyp4v?pcm=pc_SearchList,TESLA-特斯拉,180-300/天上海本科5天／周实习4个月
https://www.shixiseng.com/intern/inn_rmpimft8hps8?pcm=pc_SearchList,TESLA-特斯拉,200-250/天上海本科5天／周实习4个月
https://www.shixiseng.com/intern/inn_acnpzjdfgpkc?pcm=pc_SearchList,TESLA-特斯拉,150-200/天上海本科5天／周实习6个月
https://www.shixiseng.com/intern/inn_p0ofyqtkrk0i?pcm=pc_SearchList,地平线,100-200/天全国本科7天／周实习3个月
https://www.shixiseng.com/intern/inn_zoiffozetnro?pcm=pc_SearchList,地平线,150-300/天上海硕士5天／周实习3个月
https://www.shixiseng.com/intern/inn_2xrp4tt9cpna?pcm=pc_SearchList,地平线,150-200/天上海本科5天／周实习6个月
https://www.shixiseng.com/intern/inn_4caedxttnfof?pcm=pc_SearchList,地平线,150-300/天上海本科5天／周实习3个月
https://www.shixiseng.com/intern/inn_6s00iw66uphh?pcm=pc_SearchList,地平线,150-300/天上海硕士5天／周实习3个月
https://www.shixiseng.com/intern/inn_djneayasm3bb?pcm=pc_SearchList,地平线,200-400/天上海本科5天／周实习5个月
https://www.shixiseng.com/intern/inn_uoelzwrromah?pcm=pc_SearchList,地平线,250-300/天上海硕士5天／周实习3个月
https://www.shixiseng.com/intern/inn_7fvc9gc44p4l?pcm=pc_SearchList,地平线,200-400/天上海本科5天／周实习5个月
https://www.shixiseng.com/intern/inn_umtw7bshn9xl?pcm=pc_SearchList,地平线,200-400/天上海本科5天／周实习6个月
https://www.shixiseng.com/intern/inn_bfqjivha4jc0?pcm=pc_SearchList,地平线,150-300/天上海本科5天／周实习5个月
https://www.shixiseng.com/intern/inn_ee28oe7yx8xh?pcm=pc_SearchList,美的集团（上海）有限公司,250-300/天上海硕士5天／周实习6个月
https://www.shixiseng.com/intern/inn_iopkrgam0ao9?pcm=pc_SearchList,美的集团（上海）有限公司,200-300/天上海硕士5天／周实习5个月
https://www.shixiseng.com/intern/inn_htqqn0lmairb?pcm=pc_SearchList,美的集团,150-200/天上海硕士5天／周实习6个月
https://www.shixiseng.com/intern/inn_m70dxtzf70wi?pcm=pc_SearchList,美的集团,150-200/天上海本科5天／周实习1个月
https://www.shixiseng.com/intern/inn_enza4qrbcvpx?pcm=pc_SearchList,美的集团,150-200/天上海硕士5天／周实习6个月
