url,company,info,city,name,salary,duration,academic
https://www.shixiseng.com/intern/inn_zstfnxjftekk?pcm=pc_SearchList,迅音科技,"【岗位说明】
1、涉及到嵌入式系统的三个方面：固件、软件、硬件。
2、实习任务一般涉及到1～2个方面的内容。

【岗位职责】 
1、根据实际项目在资深工程师指导下开发嵌入式系统，包括以下方向：
（1）STM32类MCU系统的嵌入式软件开发（固件），含bootloader和app程序。
（2）PC端上位机软件开发，主要功能是和MCU通信，实现PC和MCU交互，包括app升级。
（3）电路原理图设计、仿真、PCB layout。

【任职要求】 
1、软件、计算机、电子、通信、自动化、仪器相关专业研一、研二学生。 
2、能实习6周及以上，暑期每周不少于4天，学期内每周不少于3天。
3、熟悉C/C++和QT，了解常用计算方法及其Matlab仿真。
4、有初步开发STM32类MCU系统的实际经验。
5、初步掌握至少一种EDA工具，包括原理图设计、简单仿真和PCB layout。
6、了解RTOS基本原理，会使用种嵌入式操作系统优先。

【薪资待遇】：
1、研三、研二、研一实习生每天实习薪资500~300元，实习时间需不小于40个工作日，不足40个工作日的，日薪资6折。另加每天饭贴20元。
2、奖金：根据任务的完成质量、进度评估发放，即使实习结束，仍然按考核结果按时发放。",工作地点：上海市/上海市/闵行区 迅音科技收起地图,公司简介迅音科技,,6周，4天,
https://www.shixiseng.com/intern/inn_enza4qrbcvpx?pcm=pc_SearchList,美的集团,"【岗位职责】
1.协助工程师进行电池电热耦合模型的开发，基于simulink simscape
2. 通过脚本做数据的前后处理
3. 以编程的方式调度完成多个仿真
4. 以编程的方式完成模型内部的参数优化
5. 自动生成具有一定可读性的代码
【任职要求】
1.  教育背景：
•  在读研究生以上，主修电子，电力，储能，计算机或相关专业。
•  有相关项目实操经验
2.  技术技能：
•  熟悉Matlab/Simulink/Simscape软件，具备独立建模和仿真能力。
•  熟悉锂电池基本特性。熟悉储能系统更佳。",工作地点：上海市/上海市/青浦区 上海美的全球创新园区-北门收起地图,公司简介美的集团,,,
https://www.shixiseng.com/intern/inn_g62cfkegger3?pcm=pc_SearchList,瀚亚投资,"Key Accountability

1. Assist project management and timely implementation of new fund launches and registrations, fund modifications and fund mergers/closures under its scope.
2. Assist and co-ordinate the overall new product development process from initial idea generation to the product delivery and to ensure the effective launch and ongoing management of our products.
3. Analyze product trends and understand the distribution dynamics of both onshore and offshore markets.
4. Assist in paper work.

Qualification & Attributes

1. Diligent and pay attention to details.
2. Excellent communication skills and team player.
3. Excellent written and oral communication skills in both Mandarin and English.
4. Ability to multi-task and work efficiently in fast-moving environment of capital markets.
5. Solid PC knowledge (MS Excel, MS word and MS PowerPoint)",工作地点：上海市/上海市/浦东新区 汇亚大厦三楼306-308单元收起地图,公司简介瀚亚投资,,,
https://www.shixiseng.com/intern/inn_uc0cj13myfje?pcm=pc_SearchList,TREND,"公司：Medtrend医趋势
职位：新媒体运营，地点：上海闵行万象城，实习一周至少3天
岗位职责：
1.      负责独立生产医疗健康类新媒体账号内容，包括图文、短视频、播客等内容类型；
2.      负责新媒体账号矩阵的日常运营，如：内容发布、运营推广、留言管理等，包括视频号、小红书、播客等平台；
3.      负责新媒体内容数据汇总及分析，及时优化内容策略；
4.      负责跟踪并掌握新媒体有效运营模式，能独立完成对标账号的信息收集及分析；
5.      负责完成领导布置的其它工作；
岗位要求：
1.      熟练掌握剪映、Canva、PR、PS等视频剪辑与图片处理工具；能够利用AI工具进行内容产出工作者优先；
2.      具备优秀的内容鉴赏能力和文字功底；
3.      网感强，创意多，懂主流网络视听语言，有成功运营经验者优先（若有请附上账号名称）；
4.      对大健康、医疗科技等领域感兴趣、有研究者优先；
5.      细心严谨，具备高效学习能力、沟通能力，能在规定时间内完成指定工作",工作地点：上海市/上海市/闵行区 万象城B座收起地图,公司简介TREND,,一周，3天,
https://www.shixiseng.com/intern/inn_3tlcc0kas2hc?pcm=pc_SearchList,LemonBox来檬®,"LemonBox 来檬®，诞生于2016年美国加州，由一支由营养学博士和AI算法工程师组成的跨学科团队创立，背靠芝加哥大学Polsky Center及医学院的科研支持，致力于探索个性化营养的未来。2018年，我们从硅谷顶级孵化器 Y Combinator 毕业，并将前沿的个性化营养理念带入中国，成为中国定制营养领域的开创品牌。

作为AI驱动的营养健康科技公司，LemonBox 专注于为中国消费者提供基于人工智能的每日个性化营养补充方案。我们通过大数据与智能算法，深入分析用户的饮食习惯、生活方式与健康目标，量身定制科学、高效、纯净的营养解决方案。LemonBox 选用 100% 纯天然、无添加的全球严选原料，服务已覆盖超过 1000 万中国用户，持续以科技之力，帮助更多人实现“照顾好自己”的健康目标。

公司总部设于上海，并在香港与旧金山设有办公室，已获得 Y Combinator、Panda Capital、Partech Ventures 和 Bessemer Venture Partners 等中美顶尖机构的数千万美元投资。我们坚信，AI 是未来营养健康的核心驱动力，也将是帮助每个人在快节奏生活中科学自我照护的关键工具。

岗位职责：
- 负责品牌在小红书平台上的koc/kol账号寻找，进行付费/置换等合作方式
- 根据品牌预算，寻找更适配的博主洽谈合作方式，按照要求完成每月的Koc/kol数量
- 重点建立koc/kol联系资料库，此外需要进行账号筛选、洽谈价格、样品寄送、内容跟进、数据反馈等工作
- 并持续挖掘开发koc/kol潜力合作量，研究分析竞品/不同品牌的博主账号类型和层级
- 需要有较强的数据辨识能力、账号筛选能力、整合资源能力，对账号方向和筛选模型进行迭代调整
- 自主能动性强，整合寻找洽谈博主账号为主，挖掘潜力上升期博主。

职位要求：
- 本科以上，营销/广告/市场等相关专业优先
- 喜欢冲浪，小红书重度用户加分，有一定的文案功底
- 需要具备良好的沟通能力和高效执行力，保障工作进度100%完成度
- 需要具备一定的消费者视角和用户角度思维
- 每周需工作5天，实习期至少3个月
- 需要具备高敏感度的数据分析能力，结合平台按序调整方向。",工作地点：上海市/上海市/闵行区 利丰广场T2号楼收起地图,公司简介LemonBox来檬®,,3个月，5天,本科
https://www.shixiseng.com/intern/inn_q3ezc6lstvkf?pcm=pc_SearchList,QueenyTech,"岗位要求
1.英语听说读写熟练，Ecxel熟练.
2.逻辑清楚。
3.接触过机械类行业，或者对机械产品感兴趣
4.做事认真细心。
5.负责，有魄力，可接受销售类工作强度。


岗位内容
       1、执行公司的贸易业务，实施贸易规程，开拓市场；
　　2、负责联系客户、编制报价、参与谈判，签订合同；
　　3、负责生产跟踪、发货；
　　4、客户的拓展与维护；
　　5、业务相关资料的整理和归档；
　　6、相关业务工作的汇报。",工作地点：上海市/上海市/浦东新区 万香国际创新港 航都路与航头路交汇处东南侧(航都路18号)收起地图,公司简介QueenyTech,,,
https://www.shixiseng.com/intern/inn_6lrlq8lowiei?pcm=pc_SearchList,SBD Automotive,"We are SBD, a group of engineers, analysts and strategists working together to inspire and enable automotive innovation by being world-leading knowledge partners to the automotive industry. For nearly 20 years, we have been working with some of the biggest global automotive brands including Audi, Jaguar Land Rover, Honda, Lexus, Toyota and many more.

	Headquartered in the UK, we have been rapidly growing and have offices in the US, Japan, China and Germany.

	With a constantly evolving technology landscape & changing consumer needs, it has become more challenging than ever for the automotive industry to keep abreast of the changes and continue to innovate. Our role in the value chain is to sift through the magnitude of data and hype to provide reliable and accurate market intelligence and tailored strategic advice to our clients worldwide.

	The Role

	As a Researcher Intern for the China region, you will be an integral part of shaping the future of our online research platform that is set to revolutionize market intelligence for the automotive industry.

	All the necessary training will be provided.


	Skill Set:

	The core requirements for the role are as follows:

	•      Excellent spoken and written English/Japanese 

	•      Chinese - Professional working proficiency / Native proficiency

	•      Bachelors or Master’s degree.

	•      Prior experience in collecting, analyzing data and spotting trends is preferred 

	•      Extremely good attention to detail

	•      Computer proficient – MS Word, PowerPoint, Excel, etc.

	•      Automotive engineering/connected vehicle/mechanical related major would be prefer
	•     Consultancy experience would be prefer",工作地点：上海市/上海市/黄浦区 上海市黄浦区延安东路588号东海商业中心一期二层WeWork收起地图,公司简介SBD Automotive,,,
https://www.shixiseng.com/intern/inn_wmwryxfhdf1z?pcm=pc_SearchList,上海建科检验有限公司,"岗位要求：
1、本科及以上，研究生优先，材料专业；土木专业、消防工程；电气工程专业；
2、成绩优异，学习能力强，工作态度端正，服从安排；
3、具有良好的计算机运用能力，熟练掌握OFFICE等基础办公软件；
5、可长期实习，根据实习表现有转正机会。
实习内容：
（材料专业）1、职业卫生、公共场所卫生、集中空调卫生、室内空气现场检测及采样；
2、完成现场调查，编制检测方案；
3、完成现场检测原始记录、现场描述、结果计算、评价内容编制等工作；
4、做好与实验室样品的交接。
（土木消防专业）1、参与构件防火业务市场调研、科研项目等工作；
2、参与构件中英文报告和线下报告编制工作；
3、参与构件防火标准更新、新能力启用、编制原始记录、实施细则等作业指导书等工作；
4、配合参与构件防火检测项目；
5、配合完成其他他工作。
（电气消防专业）1、参与消防产品业务市场调研、科研项目等工作；
2、参与消防产品报告编制工作；
3、参与消防产品标准更新、新能力启用、编制原始记录、实施细则等作业指导书等工作；
4、配合参与消防产品检测项目；
5、配合完成其他他工作。",工作地点：上海市/上海市/金山区 上海建筑科学研究院(集团)有限公司 金流路892号收起地图,公司简介上海建科检验有限公司,,,本科及以上
https://www.shixiseng.com/intern/inn_qzif7ftinsnm?pcm=pc_SearchList,果麦文化,"岗位描述：
1、协助处理AI语料数据库；
2、审核初级语料，能按数量、质量要求完成定额工作任务。

岗位需求：
1、可到岗办公，一周4~5天
2、大四本科及以上在校生；
3、中文语言学等相关专业；
4、对文字具有敏感度，吃苦耐劳，认真细致，富有责任心，有校对经验者优先。",工作地点：上海市/上海市/徐汇区 果麦文化传媒股份有限公司(上海分公司)收起地图,公司简介果麦文化,,一周，5天,本科及以上
https://www.shixiseng.com/intern/inn_d3qzfjw2cc9q?pcm=pc_SearchList,赛诺菲,"Primary assignments for this intern will be: 
1.	Safety Report Distribution Support. 
2.	Support to chop documents for EC package and mail to site. 
3.	Other work to support start-up activities. 
4.	Support to trial execution. 
5.	Ancillary supplies management. 
6.	Printing documents management. 
7.	Support to inspection if applicable. 
8.	Applicable miscellaneous affairs. 
我们需要细心、认真、有热情的你！
对医药行业有热情的你快来吧!
Prefer本科生、研究生能够长期实习的同学！
能够提供一周3天工作时间哦！",工作地点：上海市/上海市/静安区 SANOFI赛诺菲收起地图,公司简介赛诺菲,,一周，3天,本科
https://www.shixiseng.com/intern/inn_n9zmx2tdqksa?pcm=pc_SearchList,UAES,"岗位职责： 
1、负责应用层软件开发；
2、负责功能安全仿真工作； 
3、负责功能安全系统测试工作；

岗位要求：
1、汽车相关专业，或机械及自动控制等相关专业硕士及以上学历；
2、汽车专业知识扎实，对汽车构造，汽车原理和汽车电子有较好的掌握，有车辆安全或功能安全相关的课题或实习经验者优先；
3、熟悉Matlab/SIMULINK等模型开发和仿真工具；
4、掌握C语言编程技能，具有嵌入式系统开发经验者优先；
5、具有较好的沟通能力以及团队合作能力。",工作地点：上海市/上海市/浦东新区 5G未来中心收起地图,公司简介UAES,,,硕士及以上
https://www.shixiseng.com/intern/inn_y6ss6bdmpl90?pcm=pc_SearchList,壁虎科技,"我们是一支大厂背景产研人发起的小而美的高营收团队，专注于Ai产品应用研发。重视合作与成长，氛围高效、不内卷、不加班，包午晚餐，定期团建旅游。

你将负责：
1、深度市场调研、竞品调研，产出分析报告；
2、参与AI语音课程内容生成，包括Prompt设计、教学素材结构搭建与脚本打磨；
3、使用Dify、LangChain等工具搭建内容生成的工作流与后台结构；
4、协助优化生成结果、构建课程模版、参与内容数据结构设计；
5、深度参与产品内容链条，理解AI驱动教育产品的底层逻辑与流程设计。

我们希望你具备：
1、优秀的逻辑结构能力与执行力，细心自律，有独立推进任务的能力；
2、英语六级以上，有英语家教、培训经验或海外背景优先；
3、熟悉或愿意快速掌握Prompt工程、Dify等AIGC工具使用；
4、有数据库、计算机、教育技术等背景优先，对生成式AI方向感兴趣。

你将获得：
1、来自大厂高级产品经理的一对一带教，深入参与完整产品链路；
2、学习并应用Prompt工程、AIGC内容结构设计、AI工作流配置等技能；
3、有落地实战经验，产出明确，优秀者可转正；
4、开放包容的学习型氛围，团队成员互相促进，成长非常快。",工作地点：上海市/上海市/浦东新区 天纳商汇4号楼雨艺 1501 - 15 室收起地图,公司简介壁虎科技,,,
https://www.shixiseng.com/intern/inn_oizhwzrccdzd?pcm=pc_SearchList,壁虎科技,"我们是一支大厂背景产研人发起的小而美的高营收团队，专注于和优秀的人才合作、高效Ai产品应用研发。重视合作与成长，氛围高效、不内卷、不加班，包午晚餐，定期团建旅游。

你将负责：
1、负责小红书、视频号等内容渠道的选题、脚本撰写与视频制作协同；
2、观测并分析内容数据，优化拉新与转化策略；
3、协助搭建老用户私域体系（社群、社交链路、陪伴机制等）；
4、跟进用户反馈，优化从内容触达到留存转化的完整链路；
5、参与项目整体商业增长策略制定、用户旅程分析与产品建议输出。

我们希望你具备：
1、熟悉小红书、视频号等平台，有过内容创作或数据分析经验；
2、英语六级以上，有英语学习、教育类教育背景优先；
3、有较强的结构化思维与执行力，自律高效、对用户体验敏感，能和团队产研高效沟通；
4、对AI教育、私域增长、用户运营方向感兴趣，愿意深入学习新方法与工具。

你将获得：
1、来自大厂高级产品经理的一对一带教，深入参与完整产品链路；
2、参与真实业务项目，接触从冷启动到数据增长的完整链路；
3、实习成果可直接用于作品集或求职推荐，优秀者可转正或推荐至一线公司；
4、团队氛围开放积极、节奏友好、不内卷，包午饭晚饭、定期团建、真诚成长。",工作地点：上海市/上海市/浦东新区 天纳商汇4号楼雨艺 1501 - 15 室收起地图,公司简介壁虎科技,,,
https://www.shixiseng.com/intern/inn_lrqf1bqtqspb?pcm=pc_SearchList,百融云创,"岗位职责：
页面开发与优化
负责使用HTML/CSS及TailwindCSS实现响应式网页布局，确保跨浏览器兼容性及移动端适配。
参与现有项目的前端重构与性能优化，通过代码压缩、懒加载等技术提升页面加载速度。
协助设计师将UI稿转化为高保真网页，注重细节与用户体验。

技能要求：
核心技能
熟练掌握HTML5/CSS3，能编写语义化、符合W3C标准的代码。
熟练使用TailwindCSS实现快速布局，了解其配置与自定义扩展方法。
熟悉JavaScript基础语法，能实现简单交互逻辑（如表单验证、DOM操作）。
熟悉主流框架vue或者react开发

加分项
了解前端构建工具（如Webpack、Vite）及版本控制系统（Git）。
对响应式设计原理、Flexbox/Grid布局有实践经验。
有个人项目或开源贡献经历（需提供代码示例或作品集链接）。

任职资格：
大学本科及以上学历，计算机相关专业在校生，每周实习5天，实习期≥3

个月。
良好的逻辑思维与沟通能力，能快速融入团队协作。
对前端技术有热情，主动学习新技术并关注行业趋势。",工作地点：新梅联合广场收起地图,公司简介百融云创,,5天,本科及以上
https://www.shixiseng.com/intern/inn_1jhb0prqvilm?pcm=pc_SearchList,华福证券,"华东机构销售实习生招聘

工作地点：上海

【岗位职责】
1.协助机构销售进行日常机构客户投研合作的维护支持，协助进行机构客户的信息跟踪与管理，建立机构客户档案，协助进行日常机构客户联络、拜访、路演安排
2.协助销售针对机构客户的各类投研会议的策划与组织实施
3.定期收集和整理我司分析师的观点及推荐的股票标的，研究产品的输出，晨会纪要等
4.其他机构销售相关的日常协助支持事宜

【任职要求】
1.本硕均为双一流/海外名校，2026届及以后毕业，长期实习表现优秀有留用机会
2.热情、开朗，沟通能力强，具备较好的服务意识
3.对资本市场有浓厚兴趣，愿意寻找事物发展的客观规律，有研究精神
3.能线下实习3个月及以上，能够接受每周3-4天实习

【简历接收方式】
只接受以下所留邮箱投递
邮件名及简历附件严格按要求命名：姓名-华东销售实习生-硕士学校-本科学校",工作地点：上海市/上海市/浦东新区 陆家嘴滨江中心MT座收起地图,公司简介华福证券,,实习3个月，4天,硕士
https://www.shixiseng.com/intern/inn_lka8wdewhbto?pcm=pc_SearchList,Kora AI,"全栈工程师实习 需要对前端开发较为熟悉 仅限上海地区 混合办公制(线上+onsite)

关于我们

我们正在打造一个面向全球市场的 AI Agent 产品，由连续创业者、硅谷技术专家共同发起。团队成员曾就职于 Llama AI、美国顶尖科技独角兽，核心顾问包括哥伦比亚大学、NYU 的教授及研究者。

我们的愿景，是用 AI 和自动化技术重构人类与机器的协作方式，赋能全球开发者、团队与个体释放更大的创造力。我们相信，AI 是放大人类潜力的杠杆，而你将是推动这场变革的一员。

你将负责的工作

作为全栈工程师，你将加入核心初创团队，主导产品从 0 到 1 的技术落地与持续迭代，直接参与关键架构与用户体验的塑造。

你的核心职责包括：
	•	负责 Web / App 端的全栈开发（前端 + 后端 + 数据库）
	•	与 AI 专家密切协作，推动模型调用与前端体验的深度融合
	•	构建高性能、高可用的系统架构，支持面向全球用户的分布式部署
	•	快速响应产品需求，持续推进从冷启动到用户增长的产品演进

我们希望你具备：

技术背景与经验
	•	扎实的全栈开发经验，熟悉 React.js / Next.js / Vue.js、Node.js / Python / Go 等主流框架
	•	熟练掌握数据库技术，如 PostgreSQL / MongoDB
	•	有从 0 到 1 搭建线上产品（如 Web App / SaaS）的实战经验
	•	理解 AI 技术栈，能熟练调用 OpenAI API 或国内大模型接口

能力与特质
	•	独立思考与问题解决能力强，能快速拆解需求并推进实现
	•	拥有良好的产品意识与用户同理心，懂技术也懂用户
	•	具备远程沟通能力，乐于跨时区协作
	•	对初创团队充满热情，能在不确定性中保持执行力与创造力

加分项
	•	有过创业经历或理解初创团队的节奏与挑战
	•	熟悉 Web3、自雇者平台、远程协作工具生态
	•	有 Flutter / React Native 等移动端开发经验
	•	使用过 Cursor、Copilot 等 AI 编程工具并能提效实战

加入我们，你将获得：
	•	与来自顶尖高校和全球科技公司的团队并肩作战
	•	从 0 到 1 构建面向全球用户的 AI 产品
	•	极具灵活性的远程协作环境，支持自由且高效的工作方式
	•	有竞争力的薪酬与期权激励机制，与你共同分享产品成长红利",工作地点：上海市/上海市/黄浦区 西藏南路收起地图,公司简介Kora AI,,,
https://www.shixiseng.com/intern/inn_houwp0qdc5sa?pcm=pc_SearchList,涌涵基金,"岗位职责：
1、运用机器学习/深度学习，统计学等方法实现金融市场的收益预测和风险预测；
2、研究和改进机器学习/深度学习模型，持续提高股票收益预测的精准性；
3、阅读相关论文或研报，对模型架构展开针对性的探索。

任职要求：
1、国内知名院校人工智能、机器学习/深度学习、计算机、统计学、金融工程、应用数学或相关专业博士/硕士在读；
2、能够熟练使用PyTorch或TensorFlow，有丰富的机器学习/神经网络模型训练的相关经历；
3、自驱力强，能够持续不断的调优模型，熟悉调优模型的方式方法。
加分项：
1、有股票深度学习模型和训练调优的实习经历；
2、通过改进模型架构，构建损失函数，创造性的解决过实际问题；
3、在领域内竞赛取得优异名次者优先；

岗位特点：
1、扁平化的组织架构，前知名百亿量化私募核心投研手把手带教；
2、市场化的激励机制，研发成果可快速转化为实盘；
3、灵活高效的留用机制，表现优异者可转正。",工作地点：上海市/上海/浦东新区 证大五道口广场1号楼收起地图,公司简介涌涵基金,,,硕士
https://www.shixiseng.com/intern/inn_3xofvhcqvve0?pcm=pc_SearchList,涌涵基金,"岗位职责：
1、分析包括股票、期货等金融资产的量价、基本面、文本和另类数据，构造有效的因子库；
2、使用线性模型、机器学习和深度学习等方法持续改进因子性能；
3、参与包括股票指数增强、CTA等量化策略的研发与迭代工作。

任职要求：
1、国内知名院校人工智能、机器学习/深度学习、计算机、统计学、金融工程、应用数学或相关专业博士/硕士在读；
2、能够熟练使用Python或C++（熟悉PyTorch或TensorFlow作为加分项）；
3、严谨细致、自驱力强，能够持续不断的构造新因子并改进因子绩效。

岗位特点：
1、扁平化的组织架构，前知名百亿量化私募核心投研手把手带教；
2、市场化的激励机制，研发成果可快速转化为实盘。",工作地点：上海市/上海/浦东新区 证大五道口广场1号楼收起地图,公司简介涌涵基金,,,硕士
https://www.shixiseng.com/intern/inn_kf0oyplje7kq?pcm=pc_SearchList,中银证券,"【岗位职责】
1.依据相关准入要求，协助项目尽调等。
2.财务数据收集整理及日常行政事务等。
3.对市场动态、市场信息进行收集、整理和分析数据。
4.协助参与ABS项目承做。
5.整理工作底稿、协助撰写文件等。
【招聘要求】
1.每周保证至少4整天现场实习，可全勤者优先；需保证实习4个月以上，能实习6个月优先考虑；
2. 学历：在读硕士或大四保研准硕士，需为会计、法律或金融专业对口；实习时间及专业度有保证者可放宽至大三；
3. 对ABS业务有兴趣且有一定的知识储备，有相关实习经历者优先；
4.熟练使用Office、Wind等软件；
5.踏实勤奋，可认真踏实处理行政工作；工作具备主观能动性，细致认真，责任心强，对工作结果负责，可接受加班。",工作地点：上海市/上海市/浦东新区 上海中银大厦收起地图,公司简介中银证券,,实习4个月,硕士
https://www.shixiseng.com/intern/inn_cq3kclypbwiq?pcm=pc_SearchList,巨鹿资本,"职责描述： 
1、支持公司混合式（股权+RBF）投资项目的行业研究、项目分析，独立输出相关立项、行研等报告； 
2、支持项目组线上访谈、尽职调查、上下游访谈等工作，能独立输出价值和风险判断；
3、基于电商金融业务场景（如跨境支付、供应链融资、消费分期、主播信用贷等），协助设计定制化金融解决方案和上会报告；
4、协助建立电商交易风控模型，监控跨境资金流、信用风险及反洗钱合规；针对电商高频交易场景，优化商户／主播的信用评估体系。
5、 配合支持带教老师安排的其他工作。

任职要求： 
1、知名双一流院校本科生及以上，具备一定经济、金融知识； 
2、市场敏锐高、逻辑性强、分析能力强、有强烈探知欲； 
3、能长期实习，至少6个月以上，每周工作日到岗不少于3个全天； 
4、有私募股权、证券投资、投行、券商实习经验者优先；未来有意愿从事投资行业工作的优先。",工作地点：上海市/上海市/黄浦区 瑞金商务楼收起地图,公司简介巨鹿资本,,6个月,本科
https://www.shixiseng.com/intern/inn_tnmjuyxjyzu4?pcm=pc_SearchList,瀚亚投资,"Key Accountability

1. Assist in the collation of department materials.
2. Assist in preparation of relevant work-based material.
3. Support compliance management work, such as keep track of regulatory updates and access implication of such changes, materials review, compliance check and etc.
4. Other tasks assigned by manager.

Qualification & Attributes

1. A passion for the China equity markets and stock investing.
2. Excellent communication skills and team player.
3. Excellent written and oral communication skills in both Mandarin and English.
4. Ability to multi-task and work efficiently in fast-moving environment of capital markets.
5. Solid PC knowledge (MS Excel, MS word and MS PowerPoint)",工作地点：上海市/上海市/浦东新区 汇亚大厦三楼306-308单元收起地图,公司简介瀚亚投资,,,
https://www.shixiseng.com/intern/inn_yybfghdgdd8a?pcm=pc_SearchList,浦东美术馆,"1、能够认真学习并自主挖掘深化奥赛展、陈逸飞展（展期至10月份）导览资料；
2、能够主动了解、熟悉场馆运营模式和服务实用信息；
3、能够在同事指导下独立承担各类接待引导、导览讲解任务；
4、协助办公室涉及的其他活动支持、会务、文书等综合行政工作。

【任职资格】
1、艺术史、文博、管理类专业，本科高年级或研究生在读；
2、对19世纪西方艺术史有一定知识背景和学习兴趣，优秀的语言表达、人际沟通、临场应变能力，有接待讲解、活动执行经历，对公共文化场馆运营有广泛兴趣。
3、身体健康，开朗务实，服从工作安排，遵守工作纪律，自觉维护美术馆对外形象。

【工作时间及收获】
常规工作时间：每周一至周五9：00-17：00
尽快到岗，至少保证持续工作至8月底（可持续至10月闭幕更好），每周出勤至少4个工作日
优秀、愉快的工作团队，实习补贴115元/天，提供免费馆内食堂工作餐
实习期间表现良好，结束后可开具浦东美术馆实习证明

地址：浦东新区滨江大道2777号
交通：地铁2号线、14号线陆家嘴站，步行10分钟

请注明实习时间（到岗日期、每周几天、结束时间）
我们会尽快与你联系，安排面试。

欢迎关注浦东美术馆！",工作地点：上海市/上海市/浦东新区 浦东美术馆 滨江大道2777号收起地图,公司简介浦东美术馆,,,本科
https://www.shixiseng.com/intern/inn_xo0kdt4lxjcs?pcm=pc_SearchList,NIO蔚来,"职责描述：
 根据智能运维工程师的要求，对充换电设备运行期间的时间序列数据进行ETL
- 基于运维专家的算法逻辑，从过程数据中提取时域和频域特征
- 基于算法开发PRD，为充换电设备编写故障预警代码，并生成维修工单
- 为算法代码生成测试数据，并对代码进行测试
任职要求：
- 熟悉Python语法，有丰富的编程经验，熟练使用pandas, matplotlib, scipy等工具包
- 熟悉主流数据库mysql/mongodb/redis等架构，具有SQL编程能力
- 拥有较强的逻辑分析能力和书面语言组织能力
 扩展要求
- 理解web前后端工作原理，会使用request, selenium, scrapy等工具爬取网页内容
- 熟练使用Tableau/Power BI等数据可视化工具
- 理解分类、回归、聚类、主成份分析等机器学习算法原理，熟练使用sklearn工具包
- 理解CNN，RNN，LSTM等深度学习算法原理，熟练使用Tensorflow/Pytorch等工具包
- 理解大数据和集群概念，拥有pyspark编程经验
- 计算机类、数学类或者统计学类专业，拥有电气、机械等工科背景优先",工作地点：上海市/上海市/闵行区 蔚来汽车(漕河泾办公点)收起地图,公司简介NIO蔚来,,,
https://www.shixiseng.com/intern/inn_tmvtk7944edp?pcm=pc_SearchList,游族网络,"职位描述：
1、根据游戏产品的视觉风格，设计制作游戏界面切换/展示等动画特效相关的资源；
2、负责游戏界面各版本的完整动效设计；
3、根据项目需求，使用游戏相关编辑器制作特效资源，跟进设计效果最终在产品中的实现，保证设计效果实现的一致性；
4、对动效的实现效果与性能有深入了解，能提出平衡两者关系保证设计品质的解决方案。

任职资格：
1，美术，动画，多媒体设计等相关专业出身，有一定美术功底和较正的审美能力；
2，熟练掌握AE（以及其特效插件），Flash，U3D（粒子和动画部分），PS，3D MAX游戏粒子编辑器等相关软件；
3，需同时有2D，3D项目特效制作经验，能自由转换制作方法，适应多变性；
4，有非常强的学习能力，已了解或能快速学习公司所用的UI编辑器（FairyG UI）；
5，有较强的团队沟通能力，除积极配合外，对方案能提出建设性建议，一起优化视效表达；
6、有责任心，设计追求细节品质；
7、有较强的学习能力，主动研究或学习心的技术以运用到工作场景里。",工作地点：上海市/上海市/徐汇区 游族大厦收起地图,公司简介游族网络,,,
https://www.shixiseng.com/intern/inn_xqt1f7r76znh?pcm=pc_SearchList,LemonBox来檬®,"LemonBox 来檬®，诞生于2016年美国加州，由一支由营养学博士和AI算法工程师组成的跨学科团队创立，背靠芝加哥大学Polsky Center及医学院的科研支持，致力于探索个性化营养的未来。2018年，我们从硅谷顶级孵化器 Y Combinator 毕业，并将前沿的个性化营养理念带入中国，成为中国定制营养领域的开创品牌。

作为AI驱动的营养健康科技公司，LemonBox 专注于为中国消费者提供基于人工智能的每日个性化营养补充方案。我们通过大数据与智能算法，深入分析用户的饮食习惯、生活方式与健康目标，量身定制科学、高效、纯净的营养解决方案。LemonBox 选用 100% 纯天然、无添加的全球严选原料，服务已覆盖超过 1000 万中国用户，持续以科技之力，帮助更多人实现“照顾好自己”的健康目标。

公司总部设于上海，并在香港与旧金山设有办公室，已获得 Y Combinator、Panda Capital、Partech Ventures 和 Bessemer Venture Partners 等中美顶尖机构的数千万美元投资。我们坚信，AI 是未来营养健康的核心驱动力，也将是帮助每个人在快节奏生活中科学自我照护的关键工具。

岗位职责：
参与 LemonBox 品牌市场的视觉设计工作，主要负责：天猫店铺营销设计、周边研发等；
参与前期调研、设计策略讨论，能够独立完成小型设计需求，高效执行落地；
参与跟进上线后的数据与用户反馈，持续迭代优化；
参与维护品牌的组件库搭建与设计规范整理。

职位要求：
大三/研一/研二在校生， 视觉设计/美术等相关专业优先；
对设计、创意抱有极大的热情，美术功底扎实加分；
熟练使用 Figma, Photoshop, IIIustrator 等设计软件；
具备良好的沟通和执行能力，有owner意识，保障设计完善落地；
每周可以工作3～5天，实习期至少3个月；
对互联网、品牌、新消费感兴趣；
简历需附带个人近期作品或链接。",工作地点：上海市/上海市/闵行区 利丰广场T2号楼收起地图,公司简介LemonBox来檬®,,3个月，5天,
https://www.shixiseng.com/intern/inn_xt3kfkc5brao?pcm=pc_SearchList,翱捷科技ASR,"岗位职责：
1、 参与执行自动化测试，覆盖各类业务场景，及时发现和反馈问题；
2、 收集测试结果，整理输出测试报告；
3、 根据工作要求和需要，能协助团队编写、维护和修改测试脚本，并优化调试脚本；
4、 参与软件模块开发；

任职要求：
1. 在校本科或硕士，计算机，通信相关专业；
2. 熟悉Android系统，喜欢研究手机操作，对手机的软硬件技术有浓厚的兴趣
3. 对问题有较高敏感度，能快速发现问题，逻辑清晰，问题描述思路清晰；
4. 有一定的编程基础，熟悉shell、python、java等语言开发者优先；
5. 有责任心，能快速探索和学习新技术；
6. 每周工作能保证4天以上，实习可保证连续6个月者优先；",工作地点：上海市/上海市/浦东新区收起地图,公司简介翱捷科技ASR,,6个月，4天,本科
https://www.shixiseng.com/intern/inn_swpdcydvvxlv?pcm=pc_SearchList,DragonRouge,"工作职责
1、修饰及处理图片
2、全面配合创意团队进行创意平面设计工作
3、根据创意团队负责人的反馈意见进行修改
4、及时完成项目设计文档及资料


任职要求
1、广告设计、视觉传达或相关专业优先
2、具备构图、配色及其他平面设计的基础知识
3、熟练操作Adobe Illustrator、Photoshop、InDesign
4、能使用Keynote来创建创意提报文件
5、较强的创意及分析技能
6、优秀的平面设计作品集
7、能以中文交流，英语流利者优先考虑，但不做强制要求。",工作地点：上海市/上海市/徐汇区 武康路378号收起地图,公司简介DragonRouge,,,
https://www.shixiseng.com/intern/inn_ha3hqx6n91jd?pcm=pc_SearchList,仕道嘉人,"1．具备广告策略思维，能够结合客户提供的信息，配合项目进行创意讨论，方案撰写，项目发布等推进工作；
2．强大的搜索能力，整理归纳相关项目资料；
3．负责对接物料的产出，内外部需求与资源的对接沟通；
4．配合团队成员完成 OA 系统流程提报；
5．协助处理部门日常行政事务；
6．协助主管处理其他事务。 

任职要求：
1.   大学本科及以上学历，有海外学习经验优先，广告新闻、设计，美术等相关专业优先考虑；
2.   熟悉图形及图像处理软件，能熟练运用office word、PPT等办公软件；
3.   思维活跃，乐于思考与创新，开朗乐观内心强大，具备超强的执行力；
4.   良好的团队合作能力、善于沟通，对待工作细致，谨慎，逻辑清晰；
5.   对时尚产业有浓厚兴趣者优先。",工作地点：上海市/上海市/静安区 中欣大厦3102收起地图,公司简介仕道嘉人,,,本科及以上
https://www.shixiseng.com/intern/inn_eueh1twewlto?pcm=pc_SearchList,科锐国际,"工作职责：
1.数据整理与优化：在产研或实施顾问指导下，依据既定的数据标准和业务需求，对清洗后的数据进行有效分类、排序、聚合等整理操作，构建清晰、结构化的数据体系;协助建立和完善数据字典，明确数据字段含义、取值范围和业务规则，提高数据可读性和可维护性；
2.数据导入与测试：熟练使用数据导入丅县和系统接口，将整理好的数据，准确无误地导入目标系统:配合团队进行数据导入后的完整性、准确性校验和功能测试，及时发现并反馈数据导入过程中出现的问题，协助制定解决方案，保障系统数据的可用性；
3.文档撰写与沟通：详细记录数据清洗、整理和导入过程中的操作步骤、问题及解决方案，编写规范的数据处理文档；与团队成员保持密!切沟通协作，及时汇报工作进展，积极参与项日讨论和问题解决，确保数据处理工作高效推进。
任职要求：
1.专业背景：计算机科学与技术、统计学、数学、信息管理与信息系统、数据分析等相关专业在校本科优先；
2.技能要求：熟练使用 Excel 进行数据处理和分析，掌握数据透视表、函数公式、图表制作等高级功能.对数据敏感，具备良好的数据逻辑思维和问题分析能力，能够快速识别数据中的潜在问题并提出解决方案。",工作地点：上海市/上海市/徐汇区 漕河泾国际孵化中心A区1501收起地图,公司简介科锐国际,,,本科
https://www.shixiseng.com/intern/inn_y6wvnib0ec3k?pcm=pc_SearchList,NIO蔚来,"职责描述：
岗位职责：
1.	协助完成整车物流相关项目进度记录、系统操作
2.	协助完成随车赠送配附件库存核对及基础数据维护
3.	协助完成月度盘点信息汇总
4.	协助与其他部门沟通整车物流的相关信息
5.	其他安排的任务
任职要求：
1.	本科或者硕士在读学生，物流相关专业
2.	熟练应用PPT\Excel等办公软件
3.	逻辑思维能力和分析能力较好，有较好的数字敏感度性
4.	良好的英文表达能力(书面及口语)，通过大学英语四级
5.	做事有责任心，每周能来3-4天，实习时间6个月以上",工作地点：上海市/上海市/嘉定区 汽车·创新港收起地图,公司简介NIO蔚来,,6个月，4天,本科
https://www.shixiseng.com/intern/inn_zce2izwdqsbi?pcm=pc_SearchList,阿特拉斯·科普柯,"“王牌计划” 培训生夏令营是为应届生设计的，具有趣味性和专业性的系统化培养项目，目的是寻找未来的服务工程师以及服务团队领导者；我们将今年秋季与合适的参与者签订三方协议。

岗位职责：
•	完成系统性的空压机理论和行业领先的产品知识培训；
•	前往生产工厂、维修车间、空压机房体验并掌握常见机型的处理；
•	跟随导师拜访不同行业的客户现场，在带教下实操空压机的开机调试、安装保养等售后服务工作。

我们希望你是：
•	26年毕业应届生，本科或以上学历，机械类、电气类、能动类专业优先；
•	积极主动和较强行动力，有较强的团队写作能力；
•	对动手实践类技术型工作感兴趣，有相关就业意向；
•	有良好的动手操作能力及独立处理现场故障的能力。

我们信守机会平等、公平及多元化。我们根据所需工作的资格要求，招聘并选拔员工，而不论种族、宗教、性别、年龄、国籍、残疾、性取向、工会会员身份及政治立场",工作地点：上海市/上海市/浦东新区 凯龙金领大厦 新金桥路1888号36栋收起地图,公司简介阿特拉斯·科普柯,,,本科
https://www.shixiseng.com/intern/inn_gz7ykmfscyoh?pcm=pc_SearchList,新华保险上海分公司,"1、在指导下协助进行渠道管理部门的人力发展、销售人员管理、报表追踪等工作；
	2、根据销售队伍实际需求，提供对应市场支持，协助解决需求痛点；
	3、追踪销售数据报表，跟进完成进度；
	4、领导安排的其他相关工作
	职位要求：
	1、2025、2026届应届毕业生，硕士及以上学历，态度端正、积极；
	2、专业不限。
	3、具备良好的组织沟通和协调能力、强烈的责任心及良好的职业操守。
	4、学生干部、社团负责人优先。
	5、熟练掌握办公软件。",工作地点：上海市虹口区东大名路558号新华保险大厦收起地图,公司简介新华保险上海分公司,,,硕士及以上
https://www.shixiseng.com/intern/inn_wbuziwylpvhb?pcm=pc_SearchList,新华保险上海分公司,"职位描述：
1、在指导下协助进行实习部门的营销队伍发展、人员管理、报表追踪、数据分析等工作；
2、根据渠道队伍实际需求，提供对应支持，协助解决需求痛点；
3、领导安排的其他相关工作
任职资格
1、2025、2026届硕士及以上学历在校生。
2、专业不限。
3、具备良好的组织沟通和协调能力、强烈的责任心及良好的职业操守。
4、学生干部、社团负责人优先。
5、熟练掌握办公软件。",工作地点：上海市/上海市/虹口区 新华保险大厦 东大名路558号收起地图,公司简介新华保险上海分公司,,,硕士及以上
https://www.shixiseng.com/intern/inn_yor3wr7svzyq?pcm=pc_SearchList,圣戈班,"岗位职责：
1. 材料表征方法的开发与材料表征（电化学表征）（70%）
2. 聚合物力学性能的测试与分析（20%）
3. 实验室EHS和5S工作按圣戈班标准执行（10%）。

任职要求：
1.	高分子、材料物理或电化学硕士研究生；
2.	有电池、电阻相关实验经验者优先；
3.	责任心强，良好的沟通能力和团队合作精神；
4.	每周可工作5天，连续工作6个月。",工作地点：上海市/上海市/闵行区 圣戈班研发(上海)有限公司 文井路55号收起地图,公司简介圣戈班,,6个月，5天,硕士
https://www.shixiseng.com/intern/inn_u6brx2asqwgp?pcm=pc_SearchList,华医资本,"华医研究院医疗投资管培生项目由两个阶段构成，通过阶段的考核之后，方可进入第二阶段的实习。

阶段一：报告实习生（45-60天） 
【考勤】：每周至少到岗3天
【本阶段岗位职责】：华医资本将医疗产业划分为6大板块、36个子行业、180个细分领域研究体系。实习生将在导师的指导下，据此整理和书写相关细分领域／企业投资分析报告，构建自身医疗产业投资逻辑。
（1）在带组老师指导下，完成二篇行业深度研究报告。
（2）实习期间，完成报告表现优异者，可根据表现进阶至项目管培生阶段。

阶段二：项目管培生（实习生通过考核可转入，表现者可转正） 
【考勤】：每周至少到岗4天
【本阶段岗位职责】：
1）实行岗位轮转，分别在投资部、投行部、投后管理各事业部等3-5个不同事业部门间轮岗。 
2）基于投资逻辑，参与待投资项目尽职调查、商务谈判全流程。 
3）相关行业分析、项目承做事宜。
4）实习期间至少独立攥写完成一篇行业深度研究报告。

由直属导师考核，研究院院长终评定，在管培生项目期间表现优异者，可择优录用转正。

【职位要求】： 
1、金融、理工类研究生/博士在读，医学、药学、分子生物学专业优先，或医疗工作背景的MBA在读学生。有券商行研实习经验为佳；
2、一周到岗至少3天，朝9晚6；
3、有学习心态~有学习心态~有学习心态！（重要说三遍）对医疗风险投资以及投行业务感兴趣，有志在此方向发展的，有清晰职业规划。
管培生不做杂活，只专注投资研究分析，你的专业度、情商、学习能力、与意志力很大程度上决定了在投资行业的发展。
这不是一份为公司打杂的实习，完全不适合混实习经验。

【你将收获】： 
1、行业内首创管培生体系，完善的全流程管理及阶段考核，华医研究院投资团队导师手把手带教，定期系统培训课程；每周学习会/医耘沙龙专业知识论坛分享，合伙人及导师亲自辅导每一份投资分析报告，使你迅速成长为专业投资人，了解医疗投资行业，培养独立分析问题的能力、沟通能力，磨练基本功，助力投资生涯；

2、一段值得骄傲的实习经历，至少1份独立完成的深度行研报告，报告撰写过程中，亲自和创业企业沟通、与行业专家访谈的机会，了解细分领域前沿的技术，认识众多行业创业者。报告实习生阶段通过考核后，第二阶段你将在不同function部门进行业务实操学习；

3、多元化高学历的团队：一级市场的股权投资在商业的金字塔尖，人才竞争激烈。原则上硕士起招，欧美澳名校海归、名校博士、清北复交MBA等，但同时也非常欢迎产业转型的大佬以及应届生同学们。高大上的办公环境，聪明卓越的人才云集；

4、考核通过将获得合伙人亲笔推荐信；管培生长期实习六个月以上的，如果因公司名额不足而不能留用的，可由研究院院长亲自提供推荐信。",工作地点：上海市/上海市/青浦区 LM虹桥世界中心-C幢 南区 704室收起地图,公司简介华医资本,,实习六个月，一周，60天,硕士
https://www.shixiseng.com/intern/inn_cijcaw5dwinm?pcm=pc_SearchList,华医资本,"岗位职责
1、在导师指导下，完成医疗健康行业下相关细分领域的行业研究报告；
2、准时参加公司组织的培训和研习会，通过学习和实践构建自身医疗产业逻辑
3、在报告达到考核标准后，协助导师完成咨询项目相关事宜，有机会从0到1的参与项目全过程；
4、协助导师构建项目评价体系（参与福布斯、胡润大健康企业排行榜榜单的评选工作）
	
岗位要求
1、医药、生物、化学、金融、理工科等相关专业背景；
2、在读大四（已取得硕士offer）、硕士、博士在读； 
3、有较强的英语阅读能力，英语六级600分以上或IELTS6.5分以上为佳；
4、有较强的学习意愿和学习能力，对行业研究及咨询业务感兴趣；
5、有较强的自我驱动力、时间管理和任务管理能力；
6、要求每周能到岗3天以上，且能够连续实习3个月以上；
7、有咨询行业实习经验的同学在通过一阶段考核后有机会加入咨询组直接参与实际咨询项目
8、实习期间表现优异者有机会留用",工作地点：上海市/上海市/青浦区 LM虹桥世界中心-C幢 南区 704室收起地图,公司简介华医资本,,连续实习3个月，3天,硕士
https://www.shixiseng.com/intern/inn_bj6slnon9uvq?pcm=pc_SearchList,云端智能,"熟悉人工智能，大模型者优先
人力资源协助​​
参与招聘工作，包括简历筛选、电话邀约候选人，协助安排面试，并记录面试情况。​
协助组织员工培训与团建活动，负责活动的前期准备、现场组织及后期总结等工作。​
行政管理支持​
负责公司日常办公用品的采购申请、入库登记与发放管理，定期盘点库存，确保办公用品的充足供应。​
协助组织公司会议，包括会议室预订、会议资料准备、会议记录及会后纪要的撰写与分发。​
参与公司办公环境的维护与管理，协调办公设施设备的维修与保养，提升办公环境的舒适度。​
接待来访客人，做好访客登记、引导与接待工作，展现公司良好形象。​
协助处理公司的行政文件与邮件，进行文件的归档、整理与分发。​
其他工作​
完成上级领导交办的其他临时性行政人事工作任务，积极配合各部门的工作需求。​
关注行业动态及相关政策法规的变化，收集有价值的信息并及时汇报。",工作地点：上海市/上海/浦东新区 张江科学之门T1(模力·源)收起地图,公司简介云端智能,,,
https://www.shixiseng.com/intern/inn_octezlu58rlo?pcm=pc_SearchList,OUTPUT,"1、协助部分职位人才寻访、人选沟通、Mapping及人才库运营；
3、实习生岗位简历筛选，邀约并安排面试；
4、协助员工关系的管理，年度及月度人员异动手续办理（包括入职，离职，晋升，调动等）；
5、参与公司各类活动的组织策划，协调安排与落地。

任职要求：
1、本科及以上学历，人力资源相关专业专业优先；
2、热爱HR工作，善于沟通协调，有一定的设计策划能力有限；
3、做事积极主动，有责任心，学习能力强。 
4、能实习4-5天每周，实习期在3个月以上，6个月优先。",工作地点：虹口区北苏州路298号2楼收起地图,公司简介OUTPUT,,3个月，5天,本科及以上
https://www.shixiseng.com/intern/inn_ahdem5hmnncg?pcm=pc_SearchList,上海际知医疗,"一、技能要求
1. Unity基础能力
引擎操作：熟悉Unity界面、场景管理、预制体（Prefab）、资源导入流程。
C#编程：能独立编写脚本控制UI逻辑和动画触发（如OnClick事件、Animator参数控制）。
基础调试：会用Unity Profiler检查UI性能问题（如DrawCall过高）。

2. 二维界面开发
UGUI实战：
熟练使用Canvas、RectTransform适配多分辨率。
实现常见UI功能（按钮交互、滚动列表、进度条、弹窗堆栈管理）。
了解Sprite Atlas优化UI资源。
UI动效：能用动画器（Animation）或代码实现简单过渡效果（如渐隐、缩放）。

3. 三维组件动作关联
动画系统：
掌握Animator Controller配置（状态机、过渡条件、Blend Tree）。
能通过脚本控制动画参数（如SetTrigger(""Run"")）。
动作绑定：
将动画片段（Clip）关联到3D模型（如角色、机械部件）。
处理动画事件（Animation Event）触发逻辑（如脚步声回调）。

二、加分项（非必需，但提升竞争力）
工具链经验：
使用过DOTween制作UI动画 或 Timeline编排过场动画。
了解Cinema Machine控制镜头运动。

3D基础概念：
了解骨骼动画（Skinned Mesh）、物理动画（Ragdoll）或粒子特效（Particle System）。
版本控制：熟悉Git基本操作（提交、分支合并）。",工作地点：上海市/上海市/闵行区 紫海路88号收起地图,公司简介上海际知医疗,,,
https://www.shixiseng.com/intern/inn_gjhdxwhogtrv?pcm=pc_SearchList,杉数科技,"【岗位职责】
1、协助产品经理收集和分析用户需求，参与产品功能设计和优化；
2、编写和维护产品文档，包括需求文档、用户手册等；
3、支持产品上线前的测试工作，确保产品符合预期标准；
4、协助产品经理使用BI工具完成项目交付；
5、结合业务需求，协助完成SQL逻辑编写；
6、跟进产品开发进度，确保项目按时交付；
7、协调跨部门沟通，确保产品开发与实施过程中的信息流畅；
8、收集市场和用户反馈，为产品迭代提供数据支持。

【职位要求】
1、本科及以上学历，数学/统计学/计算机科学/管理科学或相关专业；
2、有BI平台使用经验优先；
3、熟练使用SQL语言；
4、有数据分析/数据产品/BI开发经验者优先；
5、有1年以上产品管理或助理工作经验者优先；
6、熟悉产品开发流程，具备良好的项目管理能力；
7、具备出色的沟通和协调能力，能够与团队成员和跨部门有效合作；
8、具备基本的数据分析能力，能够使用数据分析工具；
9、有供应链管理或优化分析相关经验者优先。",工作地点：纪念路8号16号楼收起地图,公司简介杉数科技,,,本科及以上
https://www.shixiseng.com/intern/inn_robqkztcspt9?pcm=pc_SearchList,世纪前沿,"岗位职责（以下任一方向）：
1.研发股票和期货市场预测模型；
2.模型集成和投资组合优化；
3.交易执行优化。
岗位要求：
1. 国内外一流名校硕士以上学历，数学、物理、计算机或人工智能相关专业；
2.具备扎实的数理功底和量化的创新意识，或具备机器学习、时序模型、智能体相关经验；
3.熟悉至少一门编程语言（Python/MATLAB/R）；
4.能够快速阅读英文文献，具备很强的学习能力；
5.IMO/ACM获奖者，或多篇顶会一作者优先。",工作地点：上海市/上海市/徐汇区 前沿资产收起地图,公司简介世纪前沿,,,硕士
https://www.shixiseng.com/intern/inn_ev2acgxcojs2?pcm=pc_SearchList,东北证券,"岗位职责:
1、协助研究员搜集资料：数据、上市公司公告及相关资料收集；
2、协助日常路演、调研、交流会等相关工作：包括准备及整理纪要、查找数据等；
3、完成团队交办的其它工作。
任职要求:
1、海内外高校硕士研究生或博士在读（或大四已获保研），有相关实习经历者优先；
2、实习期3个月及以上，具备充足的时间者优先；
3、自驱力和主动性强，学习能力强者优先；
4、工作地点：北京、上海、深圳。",工作地点：上海市浦东新区杨高南路729号收起地图,公司简介东北证券,,3个月,硕士
https://www.shixiseng.com/intern/inn_iqx3egezj1b8?pcm=pc_SearchList,博世中国,"关于我们 
博世集团（Bosch Group）成立于1886年，全称是罗伯特·博世有限公司（BOSCH），是工业技术、消费品和能源及建筑技术的产业。博世公司以其创新尖端的产品及系统解决方案闻名于世。
博世集团是全球第一大汽车技术供应商，员工人数超过 42万，遍布 50 多个国家。2022年销售额达到884亿欧元，其中在中国销售额达到1323亿人民币。 2018年7月19日，《世界500强排行榜发布，博世集团位列75位。2022年12月，位列《2022胡润世界500强》第58位。
 
职责描述:
 ·      Gathering local market and technology development information from various sources, including industry reports, news outlets, and competitor analyses
·      Participation meeting and workshop, help prepare meeting agenda, meeting minutes and follow up on the action plan.
·      Collect and consolidate the data from internal and maintain the RTO docupedia
·      Support RTO to work with BD teams on the quarterly Technology Newsletter preparation, edit and release
·       Arrange meetings with external partners (e.g., booking meeting room, invite internal participants)
Participate in GenAI PoC projects

岗位要求:
·      Bachelor or Masters Degree in Computer Sciences /AI or similar discipline
·      Strong interests on new technology (e.g., AI, Big Data, LLM); Basic knowledge of programming languages, data analysis, or AI is highly desirable.
·      Good communication skill
·      Fluent in English, both written and verbal
·      Availability: Be able to work a minimum of 3 days per week. A longer commitment is preferred to ensure continuity and in - depth understanding of your tasks.
·      Organizational skills are essential for managing multiple tasks, handling large amounts of information.
·      You should also be a quick learner, adaptable to new technologies and work processes, and have a strong attention to detail to ensure the accuracy of all documents and information you handle.
  
福利:
500强外企，跨文化交流，大平台新视野。
公司有食堂班车，工作氛围轻松愉快，可优先接触内部转正机会！
与行业专家一对一指导，快速提升专业技能和职场竞争力。
在世界百强外企中积累宝贵的实习经验，为你的简历增色。",工作地点：福泉北路333号收起地图,公司简介博世中国,,,
https://www.shixiseng.com/intern/inn_l2h2sbuifqpu?pcm=pc_SearchList,杻阳汽车服务,"岗位职责：
1、负责办公用品申购、保存、发放事项；
2、负责来访人员、会议室、接待室的接待工作；
3、接收并及时转发公司报刊、杂志、信件、以及包裹的管理；
4、负责公司文件、通知的分发，做好分发记录并保存；
5、负责电话接听及转拨，做好重要事件的记录与传达；
6、员工考勤系统维护、考勤统计及外出人员管理；
7、协助策划组织公司各种活动，做好公司宣传工作；
8、协助完成公司人事行政事务工作及部门内部日常工作；
9、完成上级交代的其他事务性工作；
任职要求：
1、有良好的职业形象和气质，懂得基本接待礼仪；
2、普通话标准流利、语言表达能力强，较强的保密意识；
3、善于迎来送往，接洽引导，活泼开朗，口齿伶俐；
4、熟悉行政、办公室管理相关工作流程，良好的沟通、协调和组织能力；
熟练使用office办公软件及办公自动化设备。
工作时间：早九晚六，中午午休1小时，周末双休。",工作地点：上海市/上海市/浦东新区 云璟·峰汇F2栋9F收起地图,公司简介杻阳汽车服务,,,
https://www.shixiseng.com/intern/inn_q2l96ifzjmy3?pcm=pc_SearchList,MUJI,"岗位职责：
1. 与各工厂进行沟通，反馈店铺客诉；
2. 针对供应商对品质问题的分析回应客户；
3. 负责相关资料及汇报材料的制作；
4. 完成其他上级安排临时性的工作。

岗位要求：
1. 本科及以上学历；
2. 品控/贸易/经济等相关专业优先；
3. 可以熟练使用各类办公软件，如WORD、Excel、PPT等",工作地点：上海市/上海市/静安区 越洋广场 南京西路1601号收起地图,公司简介MUJI,,,本科及以上
https://www.shixiseng.com/intern/inn_gtkqzrogt6fq?pcm=pc_SearchList,浦东美术馆,"【工作内容】
保障暑期大客流运营，统筹参与美术馆现场服务工作：
1、协助文创商店收银、补货、顾客问询、盖章活动；
2、协助虚拟现实体验设备维护、秩序维护、观众引导；
3、协助美术馆各类团体活动、参观导览的辅助工作。

【招聘要求】
1、专业不限，有零售、文旅等观众服务经验优先；
2、乐于沟通，开朗务实，对公共文化场馆运营有广泛兴趣；
3、身体健康，服从工作安排，遵守工作纪律，自觉维护美术馆对外形象。

【工作时间及收获】
持续至少2个月整，每周至少4天（原则上含周末1天），接受周末和夜场工作时间；
实习补贴115元/天，提供免费馆内食堂工作餐。

地址：浦东新区滨江大道2777号
交通：地铁2号线、14号线陆家嘴站，步行10分钟

请注明岗位意向和实习时间（到岗日期、每周几天、结束时间）
我们会尽快与你联系，安排面试。

欢迎关注浦东美术馆！",工作地点：上海市/上海市/浦东新区 浦东美术馆 滨江大道2777号收起地图,公司简介浦东美术馆,,2个月，4天,
https://www.shixiseng.com/intern/inn_joia0yg201qv?pcm=pc_SearchList,AlgoRain法雨科技,"【研究方向&工作职责】
1-国际问题研究方向：
- 参与美欧大国研究（外交与国内政治）的决策分析工作，了解美欧大国主要的政府、智库、媒体和精英的重要数据库及相关研究指标的采集计算方法；
- 重点研究政治行为与政策感知；
- 文献综述，总结研究成果并识别研究空白；
- 参与科研项目材料撰写，包括但不限于项目与专利申请书、研究报告、学术论文、决策咨询报告
- 参与智能决策分析系统和人工智能体开发的研究工作，编写优化算法和模拟算法；
- 参与宣传材料撰写，包括但不限于新闻稿、宣传册等

2-国际传播问题研究方向
- 研究人工智能体模拟的相关理论和应用问题，以及基于AGI对计算传播学的重构；
- 协助大模型传播效果仿真的实验设计、实施和结果分析；
- 研究国际传播当前的竞争问题，文献综述，总结研究成果并识别研究空白；
- 负责实验数据与材料的收集、整理、分析和管理工作，确保研究材料的精准与完备
- 参与科研项目材料撰写，包括但不限于项目与专利申请书、研究报告、学术论文、决策咨询报告
- 参与宣传材料撰写，包括但不限于新闻稿、宣传册等

3-宏观经济&智能经济研究方向
- 参加宏观经济、产业经济和数字经济大模型的研发工作，解决或完善给定决策问题或理论建模的解决方案；
- 文献综述，总结研究成果并识别研究空白；
- 参与科研项目材料撰写，包括但不限于项目与专利申请书、研究报告、学术论文、决策咨询报告
- 支持机器学习模型和人工智能体开发的研究工作，编写优化算法和模拟算法；
- 参与宣传材料撰写，包括但不限于新闻稿、宣传册等

4-产业经济&数字经济研究方向
- 研究不同国家如何利用产业政策\贸易政策\科技政策\税收政策等方式来针对促进特定行业（特别是数字经济领域）的竞争力，分析如何为何产业安全、促进产业发展、创造就业机会、刺激创新
- 研究重点国家实施此类政策的政策过程模式、基本制度结构和国家能力，特别是解决或完善给定决策问题或理论建模的解决方案；
- 文献综述，总结研究成果并识别研究空白；
- 参与科研项目材料撰写，包括但不限于项目与专利申请书、研究报告、学术论文、决策咨询报告
- 支持机器学习模型和人工智能体开发的研究工作，编写优化算法和模拟算法；
- 参与宣传材料撰写，包括但不限于新闻稿、宣传册等

【任职要求】
-至少拥有相关学科领域学士学位；
-熟练运用定量数据分析、研究方法和/或社会科学研究的专业经验（可包括课程或本科期间获得的经验）；
-熟练使用编程技能，尤其是数据分析、清理和模拟方面的技能。之前担任此职位的研究员曾使用Stata、R或Python 进行分析；
-能够独立地在多个项目、经理和团队中以自我导向的角色工作；
-强大的口头和书面沟通能力",工作地点：上海市/上海市/虹口区 复旦大学国家大学科技园科技创新基地收起地图,公司简介AlgoRain法雨科技,,,本科
https://www.shixiseng.com/intern/inn_nmxeumutsdzb?pcm=pc_SearchList,华建集团现代院,"岗位职责:
1、按照项目要求，辅助完成设计任务； 
2、积极主动与各专业进行良好的沟通合作； 
3、其他临时交办的工作。
任职要求:
1、建筑学或者城市规划专业；
2、熟练CAD、SketchUp、Photoshop等绘图及各类相关软件
3、连续实习2个月以上；
4、勤奋，上进心强。",工作地点：上海市静安区石门二路258号收起地图,公司简介华建集团现代院,,连续实习2个月,
https://www.shixiseng.com/intern/inn_np1xxcsuogd3?pcm=pc_SearchList,NIK VIDEO PRODUCTION,"你的工作：
1-协助制片组完成公司项目的前期筹备，中期现场拍摄和后期结案整理等
2-协助公司其他部门完成相应的工作，比如导演脚本/后期剪辑等内容

你将收获：
1-完整的实习体验和实战项目学习
2-专业的同事带领进入到广告制作行业",工作地点：上海市/上海市/徐汇区 创邑SPACE(浦江园区) 徐虹北路20号附近收起地图,公司简介NIK VIDEO PRODUCTION,,,
https://www.shixiseng.com/intern/inn_hpjwrt3pnnt4?pcm=pc_SearchList,上海科学智能研究院,"职责描述：
1、协助开展多模态大模型（文本、图像等）基础算法研究与优化，参与编码器架构测试、跨模态语义对齐实验等基础工作。
2、跟踪行业前沿技术资讯，跟进GPT、Qwen-VL等先进模型的动态进展，辅助完成技术调研报告。
3、参与算法模块的实现与测试，配合记录实验数据及结果分析。
4、协助团队在多模态等领域的算法研究，完成模型和数据工作。
任职要求：
1、计算机科学、人工智能、数学等相关专业本科及以上在校生，有机器学习/深度学习课程项目经验者优先。
2、了解Transformer等主流架构基本原理，对多模态学习有基础认知。
3、掌握Python编程语言，具有数据处理（如Pandas/NumPy）经验，接触过PyTorch/TensorFlow者优先。
4、具备英文文献阅读能力，学习意愿强，每周保证4天以上实习时间。",工作地点：上海市/上海市/徐汇区 阿里巴巴徐汇滨江园区X区-3栋收起地图,公司简介上海科学智能研究院,,4天,本科及以上
https://www.shixiseng.com/intern/inn_cuixfot0mhb9?pcm=pc_SearchList,壹波云,"🧭 职位简介：
我们正在寻找一位逻辑清晰、善于思考、对数据充满热情的数据分析实习生。你将加入数据团队，支持公司关键业务的决策分析，深入参与从数据获取、建模到可视化的完整流程，将数字背后的趋势转化为业务洞察。

🎯 岗位职责：
数据收集与清洗

从数据库、第三方平台或API获取数据，完成数据整合、清洗与结构化处理；

确保数据的准确性、完整性与一致性，为分析提供稳定基础。

数据分析与建模

运用统计学方法与数据分析工具，挖掘用户行为、业务趋势、产品使用等关键指标；

支持业务团队的分析需求，输出数据洞察与建议。

可视化与报告撰写

通过可视化工具（如 Tableau、Power BI、Looker 等）呈现分析结果，支持管理层决策；

撰写结构化、清晰的分析报告，推动数据驱动文化落地。

趋势预测与策略优化

基于历史数据进行业务趋势预测与模型构建；

提出优化建议，协助产品、运营团队提升业务效率与用户体验。

跨部门协作与支持

与产品、运营、市场等团队密切合作，理解业务场景与数据需求；

将数据分析结果转化为可执行的业务策略。

数据监控与异常排查

设立关键业务指标监控机制，实时发现数据异常并推动修复；

参与数据质量与规范的日常维护。

✅ 任职要求：
🎓 教育背景：
本科或研究生在读，统计学、数学、计算机、数据科学、经济学等相关专业优先。

💻 技术能力：
熟练使用 Excel、SQL 进行数据处理与查询；

掌握至少一种数据分析语言（如 Python：Pandas/Numpy/Matplotlib，或 R）；

熟悉至少一种数据可视化工具（如 Tableau、Power BI、Data Studio 等）；

理解统计基础知识，能够独立完成描述性分析与基本建模任务。

🔍 分析与沟通能力：
优秀的逻辑思维能力，能从海量数据中提炼问题与解决方案；

具备良好沟通能力，能将技术成果清晰传达给非技术同事。

🚀 学习与合作意识：
自我驱动，责任心强，具备快速学习与问题解决能力；

具备团队协作意识，能适应跨职能团队的沟通和任务推进。

🌟 加分项：
有数据挖掘、机器学习、回归建模、A/B测试等经验；

有产品分析、增长分析或用户行为分析相关项目经历；

有GitHub、Kaggle、Notion等平台展示作品或内容者优先。

🎁 实习收获：
参与真实业务场景的数据项目，积累分析经验与项目实践；

获得资深数据分析师或产品经理的1对1辅导与成长反馈；

表现优秀者可获得内推、转正机会或推荐信支持；

了解科技公司数据体系与业务逻辑，提升全栈分析视角。",工作地点：上海市/上海市/杨浦区收起地图,公司简介壹波云,,,本科
https://www.shixiseng.com/intern/inn_8oj6munqyqg8?pcm=pc_SearchList,捷豹路虎中国,"Main Responsibility:
1)      Design
and execute automation test cases, including functional, performance, compatibility,
and API testing
2)      Develop
the ""key word"" scripts
3)      Support
departmental business reporting tasks, consolidate reports from cross
functional teams.
Requirements:
1)      Bachelor
degree or above in Computer Science or related field
2)      Strong
software testing knowledge
3)      Proficiency
in one of python / Java
4)      Fluent
in both written and spoken English;
5)      4-5
days/week available, staying for 3-6 months;
Detail-oriented and
strong sense of the accountability for data and report delivery;",工作地点：东育路227弄，前滩世贸中心（二期）6号（D栋）10楼收起地图,公司简介捷豹路虎中国,,,
https://www.shixiseng.com/intern/inn_ddvrhkzyspm7?pcm=pc_SearchList,曼朗医疗,"岗位职责:
如果你期待提升实战技能，拒绝“打杂式”实习，
如果你对心理领域或医疗行业感兴趣，
欢迎面试曼朗市场研究与数据分析实习生！
【岗位职责】
1. 负责心理健康医疗行业政策、宏观市场及市场竞争对手、竞品服务价格等市场调研数据的收集、清理分析以及整理工作；
2. 协助部门项目开展，参与案例资料收集、用户访谈整理、会议纪要撰写等工作；
3. 协助了解精神心理服务行业动态，根据项目开展要求，包括通过文献搜集、市场调研等方式搜集信息；
4. 配合部门日常工作需求，如资料归档、文书整理、跨部门协作沟通等。
任职要求:
【岗位要求】
1. 本科及以上，专业不限，对心理学感兴趣或心理学相关专业优先；
2. 有医药公司、咨询公司、互联网岗产品/战略/市场研究/数据分析岗实习经验经验者优先；
3. 具有较强的信息检索、收集与分析整理能力，熟练使用Word、Excel、PPT等Office办公软件；
4. 具有较强的主观能动性，责任心及好奇心。
你将获得：
? 实习津贴150元/天；
? Nice的带教和团队伙伴，轻松的工作氛围；
? 全程参与医疗心理的相关项目，提升工作技能，丰富实习经历。",工作地点：上海市长宁区虹桥路1438号古北财富中心二期22层收起地图,公司简介曼朗医疗,,,本科及以上
https://www.shixiseng.com/intern/inn_m6typa5ghpwu?pcm=pc_SearchList,Popeyes,"一、工作内容  
           1. 员工信息维护  
               - 负责新员工入职、离职、调店及岗位异动信息在学习平台上的维护与更新，包含门店自己招募的兼职员工信息维护，确保学习平台数据准确。  
           2. 数据统计与分析  
                - 汇总收集新员工学习进度周报；  
                - 汇总整理门店早晚班测温数据。
           3. 培训支持  
                - 协助拍摄、剪辑基础培训视频（如入职课程）；  
                - 处理其他训练相关报表。  
 
          二、岗位要求  
          1. 实习周期：至少6个月全职实习，保证工作连续性。  
          2. 技能要求：  
               - 熟练使用Excel（数据透视、函数等），能高效处理报表；  
               - 掌握基础视频剪辑（剪映/PR等工具）；  
               - 细心负责，具备基础数据分析能力。",工作地点：上海市/上海市/黄浦区 仙乐斯广场收起地图,公司简介Popeyes,,6个月,
https://www.shixiseng.com/intern/inn_shqexmq2mgjs?pcm=pc_SearchList,淳博传播,"岗位职责：
1.日常行政支持：
负责办公环境维护监督（整洁、绿植、设备摆放等）。
管理办公用品、耗材的领取、登记、盘点及申购协调。
协助处理前台部分事务（如访客接待引导、快递收发登记等）。
2.公司日常活动协助：
参与公司内部活动（如茶歇、晚餐、团建、节日庆祝等员工关怀活动）的执行支持。
3.上级交办的其他工作： 积极完成主管分配的其他行政辅助性任务。


岗位要求：
1. 专业学历：本科及以上学历在读大三学生，行政管理、人力资源、工商管理等相关专业优先。
2.素质要求：性格开朗、积极主动，良好的沟通能力及协调能力，工作认真细致负责。
2.时间要求：每周可保证4天及以上的实习时间，连续实习3个月及以上。",工作地点：上海市/上海市/徐汇区 龙耀路175号收起地图,公司简介淳博传播,,连续实习3个月，4天,本科及以上
https://www.shixiseng.com/intern/inn_asqifpydkuib?pcm=pc_SearchList,爱里杯,"【岗位职责】
1/ 处理博主及团队差旅行程;
2/ 会拍照、有网感，具备时尚审美;
3/ 支持内容团队，参与到选题脑暴;
4/ 处理办公室日常事务;

【任职要求】
1/ 本科及以上学历，专业不限，英语好加分;
2/ 踏实、认真、细心、有责任感、较好的沟通和表达能力;
3/ 有网感，有趣、爱上网，对新媒体行业有基本认知;
4/ 会拍照、修图，有一定的时尚触觉;
5/ 带你体验自媒体的工作全流程。",工作地点：上海市/上海市/长宁区 增泽世贸收起地图,公司简介爱里杯,,,本科及以上
https://www.shixiseng.com/intern/inn_eq369ahxtlca?pcm=pc_SearchList,上海寅映文化传媒有限公司,"核心职责
1.完成活动/展会的高质量图片拍摄
2.快速处理图片并适配多平台发布
3.操作图片直播等实时传播工具


必备能力
1.英语四级及以上
2.熟练使用专业相机及修图软件
3.掌握不同平台图片规格要求
4.具备新闻图片敏感度",工作地点：上海市/上海市/静安区收起地图,公司简介上海寅映文化传媒有限公司,,,
https://www.shixiseng.com/intern/inn_jbpuio1ae2sj?pcm=pc_SearchList,和信咨询,"【职位描述】

1、协助线下沙龙的客户邀约、组织实施、视频拍摄与剪辑、效果分析及客户回访等，提升公司品牌影响力；
2、协助直播的客户邀约、宣传推广、视频剪辑、数据分析及客户回访等，提升用户粘性；
3、协助短视频的选题、脚本优化、拍摄、剪辑、发布（视频号平台、小红书平台等）、数据分析、客户导流等工作；
4、协助平面设计：包括公司介绍手册、产品介绍手册、活动海报、公开课与内训课程海报、研究报告模版设计等；
5、协助微信推文的编辑、排版与发布；
6、积极完成上级交代的其他工作任务。

【任职要求】
1、大专及以上学历，平面设计、视觉传达、市场营销专业优先，有新媒体运营经验的优先； 
2、有一定的文字功底，计划性强，结果导向，善于学习新事物，乐于沟通协作； 
4、认真负责、有耐心，有市场敏锐度和客户服务意识，喜欢挑战自我，适应快节奏； 
5、熟练操作office办公软件，尤其是PPT，掌握PS、视频剪辑者。",工作地点：上海市/上海市/徐汇区 和信颐安企业管理有限公司 桂林路68号2层收起地图,公司简介和信咨询,,,大专及以上
https://www.shixiseng.com/intern/inn_cqejcppigarr?pcm=pc_SearchList,紫金矿业投资（上海）,"【岗位职责】
•	协助分析师开展行业研究，收集整理行业信息、政策动态及财务数据。
•	参与市场分析与公司研究，撰写研究报告，输出投资观点。
•	跟踪行业趋势和热点事件，提供及时分析支持。
•	协助完成部门日常事务。
【任职要求】
•	硕士及以上学历，经济、金融等相关专业，双一流或海外Top200高校背景。
•	有券商研究所、基金公司等行研实习经验者优先。
•	熟悉Wind、Bloomberg等数据工具，掌握Python/Excel建模者加分。
•	具备较强的学习能力、逻辑思维与沟通能力，责任心强。
•	每周出勤不少于三天，实习期三个月以上，研二、研三学生优先。",工作地点：上海市/上海市/虹口区 上海白玉兰广场 东长治路588号收起地图,公司简介紫金矿业投资（上海）,,三个月，三天,硕士及以上
https://www.shixiseng.com/intern/inn_uuupkno650bq?pcm=pc_SearchList,汇丰银行,"汇丰人寿-DISTRIBUTIION SUPPORT 
该部门实习生将会主要负责support保险营销活动，支持和推动银行保险业务。
活动包括：行业资深大拿分享会、Top级别律师/税务师讲座，分享市场热点。

岗位职责：
1. 客户活动现场支持，与外部活动供应商对接，推动客户活动的顺利落地
2. 完成内部文书的撰写，如内外部活动邮件
3. Support部门完成业绩追踪
4. 直属经理布置的其他任务

岗位要求：
1. 实习时间充裕，可以保证实习6个月以上，一周至少到岗3天
2. 细致认真，学习能力强，对保险行业有兴趣
3. 英文读写熟练",工作地点：上海市/上海市/浦东新区收起地图,公司简介汇丰银行,,实习6个月，一周，3天,
https://www.shixiseng.com/intern/inn_dgfgbmyirw5j?pcm=pc_SearchList,simplyBrand,"（可接受远程）
	你将作为实际报告的撰写者，而不只是简单枯燥的数据处理人员，参加到我们小组的工作当中，包括但不限于：

	（1）处理Social Media上品牌相关的帖子，进行公关监测和预警
	（2）Marketing Campaign监测和分析，为品牌提供营销结果和建议
	（3）撰写数字营销案例，为品牌提供营销洞察和趋势分析
	（4）参与品类产品研究及消费者群体研究
	（5）服务客户涵盖FMCG, Auto，Mobile, 及Entertainment等多种领域
	

职位要求：
1.工作严谨、细致、认真、责任心强，学习能力强；
2.能熟练使用Excel;
3.熟练使用PPT；
4.英文阅读和书写能力好；
5.具有良好的团队意识和沟通表达能力；
6.熟悉互联网各平台，熟悉流量明星和新媒体；
7. 每周需要出勤4天以上。",工作地点：霍山路398号光大安石中心收起地图,公司简介simplyBrand,,4天,
https://www.shixiseng.com/intern/inn_lmboohcajqhd?pcm=pc_SearchList,麦肯·光明,"客户类型：【快消、美妆、汽车等】
工作职责：
1.基于目标用户洞察和市场调研，产出产品核心创意，提出创意建议。
2.协助完成文案创意工作：文案撰写，稿件撰写。
3.公司内部流程的学习与操作等。
岗位要求：
1.市场营销、广告、新闻传播相关专业在校生优先，有广告行业经验优先。
2.有较好的策划能力和文案能力、较强的抗压力。
3.有强烈的广告兴趣与快速的学习能力，良好的沟通、协调能力，注重细节。
4.可尽快入职，每周出勤4-5天，可持续3个月及以上。

其他介绍：
1. 关于上班时间：10am-7pm，午休时间：12-2pm
2. 关于转正：对于表现优异的同学，我们将会留用转正
3. 关于交通：上海地铁1/10/12号线陕西南路直达



**您提交的应聘资料已收悉，我司将根据招聘岗位的需求进行评估。若我司邀请您参加相关岗位的面试流程（包括电话及视频面试），为确保面试的公平公正和保护我司及我司客户的保密信息，请您务必对面试过程中获知的所有信息（包括但不限于岗位详情、我司及我司客户信息等）严格保密，不得以任何形式向第三方透露或公开。未经我司书面许可，不得对面试场所、人员、面试过程擅自录音、录像。遵守保密规范是我司非常重视的职业素养，我司保留对擅自披露保密信息的行为追究法律责任的权利。感谢您的理解与配合！",工作地点：淮海国际广场收起地图,公司简介麦肯·光明,,3个月，5天,
https://www.shixiseng.com/intern/inn_6dj6yie2zcjf?pcm=pc_SearchList,Gusto Collective,"【Gusto Luxe Lifestyle Team Intern】


	


	Job Description：


	1.服务于高端，零售及旅游类客户


	2.协助完成品牌及竞品相关内容的资料搜索整理


	3.熟悉秀米和微信公众号排版


	4.了解Fashion和Lifestyle的KOL&KOC，可以协助媒体和博主的关系维护


	5.日常工作会涉及数据整理、翻译、微信排版， 参与brainstorming贡献你的无限创意


	


	Requirements：


	1.一周至少四天，最少持续三个月，需尽快到岗


	2.对时尚、生活方式、奢侈品行业有热情


	3.具备良好英文写作及表达能力


	4.熟练使用word、excel、PPT等 Office 软件


	5.良好的沟通能力，快速学习的能力；


	6.思路清晰，可以在较快节奏环境中保持细致，耐心及有责任心


	


	Welfare：


	1.获得对时尚奢侈品行业的全面了解


	2.对PR行业的深入接触机会，同事们手把手带你，也希望你多学多问啦


	3.公司不定期零食水果早饭马杀鸡福利，氛围好


	


	


	实习地点：上海市静安区铜仁路258号3楼


	实习薪资：100/day",工作地点：上海市静安区铜仁路258号九安广场裙楼3楼收起地图,公司简介Gusto Collective,,三个月，一周，四天,
https://www.shixiseng.com/intern/inn_bb3efbwmqksm?pcm=pc_SearchList,华福证券,"【岗位职责】

	1、参与相关总量研究（宏观经济、策略、固定收益、金融工程）/公司和行业研究（大消费、医药、科技、新能源），具体行业可能根据简历情况作分配和沟通；

	2、协助进行资料收集、模型搭建讨论、财务分析等工作;

	3、完成上级安排的其他日常工作。



	【任职要求】

	1、国内外重点高校硕士及以上学历，专业不限；

	2、至少实习3个月，一周工作日至少3天，尽快入职；

	3、富有责任心，具有较强的主观能动性和抗压能力；

	4、对卖方有饱满的工作热情，认真、踏实；

	5、熟练掌握相关办公软件，工作积极主动。",工作地点：上海市/上海市/浦东新区 陆家嘴滨江中心MT座收起地图,公司简介华福证券,,至少实习3个月，一周，3天,硕士及以上
https://www.shixiseng.com/intern/inn_bc8pavqbcvvo?pcm=pc_SearchList,华福证券,"【岗位职责】
 1、参与行业研究和公司研究等；
 2、协助研究所进行资料收集、行业课题、公司报告、周报日报等工作；
 3、完成领导安排的其他日常工作等等。

【任职要求】
 1、国内外高校硕士及以上学历；
 2、可线下实习3个月，一周至少线下实习3个工作日，尽快入职；
 3、有行研实习经历者优先；
 4、对卖方有饱满的工作热情，认真、踏实。",工作地点：上海市/上海市/浦东新区 陆家嘴滨江中心MT座收起地图,公司简介华福证券,,实习3个月，一周,硕士及以上
https://www.shixiseng.com/intern/inn_9ow0z5s2zl1i?pcm=pc_SearchList,华福证券,"工作职责：
1、协助进行量化投资研究；
2、协助进行计算机/AI的行业及公司研究，协助撰写分析报告；
3、协助团队完成其他工作。

职位要求：
1、计算机/统计学/金融工程等专业优先，在读硕士及以上学历；
2、至少熟悉一门编程语言；
3、具备良好的定量分析能力和逻辑思维能力。",工作地点：上海市/上海市/浦东新区 陆家嘴滨江中心MT座收起地图,公司简介华福证券,,,硕士及以上
https://www.shixiseng.com/intern/inn_qwog6cpo0qri?pcm=pc_SearchList,华福证券,"【岗位职责】
 1、参与行业研究和公司研究等；
 2、协助研究所进行资料收集、行业课题、公司报告、周报日报等工作；
 3、完成领导安排的其他日常工作等等。

【任职要求】
 1、国内外高校硕士及以上学历；
 2、可线下实习3个月，一周至少线下实习3个工作日，尽快入职；
 3、有行研实习经历者优先；
 4、对卖方有饱满的工作热情，认真、踏实。",工作地点：上海市/上海市/浦东新区 陆家嘴滨江中心MT座收起地图,公司简介华福证券,,实习3个月，一周,硕士及以上
https://www.shixiseng.com/intern/inn_ixvw0kbaaybq?pcm=pc_SearchList,哈啰,"岗位职责:
1. 参与前端页面还原、架构设计、交互设计与实现、 组件优化、技术创新等开发实习工作；
2. 参与产品需求的分析，与设计师、后端工程师一起完成产品功能的开发，优化用户体验；
3. 负责或协助相关开发文档的撰写。
任职要求:
1. 26、27届计算机相关专业本科及以上学历，可以连续实习3个月以上，一周实习5天；
2. 热爱编程，具备扎实的 HTML CSS JS 基础，熟悉前端开发流程，具备一定的前端项目经验
3. 了解http协议的基本原理，了解常见的web性能优化手段、常见漏洞。
4. 至少熟悉React/Angular/Vue等其中一种主流的前端框架，并了解底层原理；遵守前端开发规范
5. 善于沟通，具备较强的主动性和团队协作意识。",工作地点：上海收起地图,公司简介哈啰,,连续实习3个月，一周，5天,本科及以上
https://www.shixiseng.com/intern/inn_9fvcow8f6ugr?pcm=pc_SearchList,鲲驰集团,"岗位职责： 
1. 完成发票的收集、登记与核对；
2. 协助完成涉税业务辅助工作，如电子税务局操作，涉税资料下载、打印、归档，外勤办事；
3. 协助完成上级交代的其他工作。
应聘要求：
1、实习时长6个月；
2、 本科及以上，有财税相关专业更佳；
3、 有一定的excel函数公式如vlookup、xlookup、sumif/s等使用基础更佳；
4、有团队合作精神，有责任心，认真细心、稳定靠谱；",工作地点：丹桂路899号国创中心二期1号楼路捷鲲驰集团收起地图,公司简介鲲驰集团,,6个月,本科及以上
https://www.shixiseng.com/intern/inn_thecymnw5r4p?pcm=pc_SearchList,信也科技,"职位职责：
1、与研发同学和算法同学一起共建应用层面的基础框架，梳理现有开源llm在业务中的实际部署流程；
2、探索开源大模型在信贷垂直领域的应用方法，包括但不限于在客服、催收机器人、语言质检、业务分析汇总等方向；
3、后期可能涉及调整大语言模型以不断提高其在信贷领域的算法质量；建设高效的评测方法和技术体系；采集、调研并生产信贷领域的高质量数据集等；
4、持续关注业界最新的技术趋势和研究成果，分享行业最佳实践，将前沿技术应用于大模型中。

职位要求
1、本科及以上在校学历，计算机科学、人工智能、数学、统计学等相关专业，对LLM方向简单应用有过自己的尝试；
2、熟悉至少一种主流的深度学习框架，如TensorFlow、PyTorch、Hugging Face开源项目等；
3、熟悉大模型相关技术，对大模型核心技术有一定理解，包括但不限于模型架构、训练算法、优化策略等，了解大模型SFT、RLHF等优先；
4、了解大模型主流应用场景，如RAG、Graph-based RAG、Agent等；
5、了解大模型应用开发框架，包括但不限于Langchain、LlamaIndex等；
6、具备优秀的编程能力，熟练使用Python，了解支持向量存储的数据库。

较为熟练的英语或者马来语系的语言基础加分

你将收获：
1、消费金融行业LLM应用的最先一批尝试机会，有海量的信贷相关数据供使用；
2、涉及实际业务的全套LLM部署应用流程经验；
3、信贷领域的策略和模型体系认识，便于今后多样化就业；
4、较高概率的转正机会。",工作地点：丹桂路999号国创中心慧天地G1栋收起地图,公司简介信也科技,,,本科及以上
https://www.shixiseng.com/intern/inn_d7ni5dx8ofln?pcm=pc_SearchList,包玉刚实验学校,"职位描述： 

我们是：
双语教育、全人教育、国际化教育的的领航者
有愿景、有活力、有经验的团队

我们提供：
国际化的工作环境和信息资源
外资餐饮公司的免费午餐

实习岗位：
 
人力资源实习生 


主要工作职责：
 1.人力资源相关材料翻译；
 2.外教办证文件整理等文职工作；
 3.部门内文件整理，编册，数据更新，保存，共享等文件整理工作；
 4.出入境中心等外勤工作。

实习时间：
 每周出勤三天以上
 (注：包校为学校，晚上和周末休息不上班；被安排超过正常工作时间的任务，另有额外津贴)

要求：

1.具备良好的双语沟通能力和一定的抗压能力； 
2. 工作仔细，认真负责；
3.每周至少能出勤3天，能坚持半年的优先 。",工作地点：虹桥路2206号收起地图,公司简介包玉刚实验学校,,三天,
https://www.shixiseng.com/intern/inn_3mrux4kvojkl?pcm=pc_SearchList,大城智慧,"今年是抗日战争胜利80周年，虹口区拟举办“笔墨书虹口，精神传千秋”主题书画大赛，面向全区社区居民征集1000+幅作品！现需热爱文化活动的你加入团队，共同助力这场弘扬红色精神与海派文化的盛事！
★工作内容★
社区联络：走访虹口区各居委会，张贴海报、收集参赛书画作品（5-10份/社区）；
赛事支持：协助初选评审、作品整理及展览布置（曲阳文化艺术中心）；
★我们需要你★
✅ 在校大学生，专业不限，有活动执行/志愿者经验优先；
✅ 沟通力强，耐心细致（需与居委会、参赛者对接）；
✅ 对传统文化/书画感兴趣者加分！",工作地点：上海市/上海市/虹口区收起地图,公司简介大城智慧,,80周,
https://www.shixiseng.com/intern/inn_aq4mkonomsau?pcm=pc_SearchList,比斯特,"ABOUT THE JOB:

1. Support
In the implementation and administration of the Village Retail Strategy 
	
2. Provide
Support to the Retail team to reach Business Village goals (correspondence, tools, charts, meetings scheduling, database coordination etc.) 
	
3. Communicate
And follow up on all administrative related issues to the different departments 
	
4. Co-ordinate
The correct communication to the relevant parties at the right time whilst ensuring a proper follow up is achieved across all distribution channels 
	
5. Support
New store openings 
	
6. Support
The Visual Merchandiser and Retail Managers by ensuring effective and well-coordinated implementation of all seasonal campaigns that Retail and Marketing develop for the stores. 
	


	ABOUT YOU:

Excellent verbal and written skills specifically in regard to building relationships with suppliers and external contacts.
	
Numerate with strong computer literacy
	
Excellent eye for detail and organizational skills.
	
Proven ability to work to tight deadlines
	
4-5 Days per week",工作地点：上海浦东新区申迪东路88号收起地图,公司简介比斯特,,,
https://www.shixiseng.com/intern/inn_qdbnlrkdagug?pcm=pc_SearchList,携程集团,"岗位职责
1. 负责携程金融相关算法的建设和探索，包括支付风控模型、支付营销增长模型等； 
2. 探索机器学习、深度学习、图算法、大模型等前沿技术方向，将新技术应用于实际业务；
3. 从业务需求和问题出发，在数据中找到支撑，引导业务决策，持续学习；
岗位要求
1、计算机、运筹、统计、经济、数学等相关的本科及以上在校生，26届毕业生优先（面向暑期实习及25年秋招，有留用机会）； 
2、熟悉Python/Java/C++等，具备优秀的编码能力，至少熟悉一种常见的机器学习/深度学习平台； 
3、熟悉包括但不限于主流的机器学习、深度学习、多任务学习及图算法等，如XGBOOST\LightGBM和CNN\LSTM\Attention\GCN以及UPLIFT模型、强化学习、运筹优化、Mmoe等算法经验更优； 
4、有钻研精神，主观能动性强，能适应快速变化的业务需求，具备良好的团队合作精神和沟通技巧；",工作地点：上海市/上海市/长宁区 金钟路收起地图,公司简介携程集团,,,本科及以上
https://www.shixiseng.com/intern/inn_jjbnix1unydb?pcm=pc_SearchList,李宁,"岗位职责：
1、日常产品素材、资料下载，规整及页面逻辑检查；
2、定期收集竞品资料，协助进行有效分析；
3、协助管理产品系统的日常运营工作；
4、规整销售日报，月报及其他日常产品的分析报表；
5、跨部门协调配合日常工作，供应链、设计师、市场等；
6、内部协调配合供应链、市场部，线下零售， 商品，财务，法务，物流的工作；

任职资格：
1、大三或研二在读，服装工程专业优先；
2、每周至少3天；
3、熟练使用办公软件（excel、ppt等）；
4、做事认真仔细，思维敏锐；
5、对运动服装/潮流/电商行业有兴趣和热情",工作地点：上海市/上海市/长宁区 上海李宁中心 昭化路666号收起地图,公司简介李宁,,3天,
https://www.shixiseng.com/intern/inn_m2apag9r8x8t?pcm=pc_SearchList,中国电信人工智能研究院,"岗位描述：
1.对多模态大模型的图像理解和图像质量增强等视觉感知能力的研发、设计和应用；
2.参与研究由多模态大模型驱动的全天候可穿戴智能设备关键技术；参与跟踪相关领域学术/工业界前沿算法、包括数据构建、训练调优、评测迭代等相关工作；
3.探索大模型端侧部署的压缩技术，涉及低精度，低显存推理方案；支持多模态/视频大模型在真实业务场景中的落地工作；
4.适配主流端侧硬件（ARM CPU/NPU、高通DSP、Apple Neural Engine），构建端到端性能分析工具链，定位模型在内存占用、功耗、延迟等方面的瓶颈并针对性优化。

岗位要求：
1.硕士/博士在读，计算机科学、人工智能、软件工程，电子信息等相关专业；
2.熟悉Python、C++等至少一门编程语言，具有较强的代码开发能力，熟悉Linux工作环境；
3.熟悉Pytorch，TensorFlow等至少一种深度学习框架，了解Vision-Language Models，有大模型训练/微调基础；
4.在国际顶尖会议或期刊（包括但不限于 NeurIPS, ICLR, CVPR, ICCV, ECCV, IEEE TPAMI）上发表过论文者优先；
5.了解图像视频理解，图像质量增强，模型加速，具有实时多模态大模型项目经验者优先。
6.每周出勤至少能够保证4天，可连续实习3个月以上。",工作地点：上海市/上海市/徐汇区 国际传媒港F1栋收起地图,公司简介中国电信人工智能研究院,,连续实习3个月，4天,硕士
https://www.shixiseng.com/intern/inn_83ljpqk7gqca?pcm=pc_SearchList,闿程科技,"岗位职责
1、 跟进现有礼品渠道客户，实现转化；逐步开拓新客户，提升客户的质量和数量。
2、 及时响应客户需求，为客户提供个性化方案，解决客户的相关问题。
3、 负责销售区域内销售活动的策划和执行，有效支持区域客户的销售增长工作。
4、 完成上级交待的其他工作。
岗位要求：
1、 性格开朗，良好的语言表达能力，条理清晰。
2、 有主见，目标感强。",工作地点：上海市/上海市/浦东新区 久富科创园-11号楼6楼收起地图,公司简介闿程科技,,,
https://www.shixiseng.com/intern/inn_4jhbvxhanafz?pcm=pc_SearchList,联合利华高端美妆,"Job Description
1.	Be responsible for the daily system order operations and data maintenance in warehousing and distribution, as well as customs clearance. Follow up on the order timeliness and shipping timeliness of the warehouse and customs clearance.
2.	Be responsible for the collection, verification of bills and inventory in warehousing, logistics, and customs clearance.
3.	Be responsible for the collection, organization, and basic analysis of data related to warehousing and distribution, logistics, and customs clearance. Assist the supervisor in preparing performance evaluation reports.
4.	Be responsible for other tasks assigned by the supervisor.
5.	It is recommended that the internship period be at least 3 months. The candidate should have a strong interest in supply chain management, be proficient in using office software such as Excel, be capable of data analysis, and have excellent English reading and writing skills.


需求岗位JD
1、负责仓配&关务日常系统订单的操作和数据维护，跟进仓库&关务的订单时效和发货时效。
2、负责仓储，物流，关务的账单&库存收集、账单&库存核对。
3、负责仓配，物流，关务相关的数据收集、整理，以及基础分析，协助上级主管输出考核报告。
4、负责其他上级主管安排的工作。
5、建议实习期至少3个月及以上，对供应链管理有浓厚兴趣，能熟练使用excel等办公软件,能做数据分析，英语读写能力突出",工作地点：上海市/上海市/静安区 静安嘉里中心办公楼一座 静安区收起地图,公司简介联合利华高端美妆,,3个月,
https://www.shixiseng.com/intern/inn_q3pc28s2rmpd?pcm=pc_SearchList,广发证券资管,"方向1：
岗位职责：
1. 协助进行可转债研究；
2. 从事数据分析、政策分析、行业和个券基本面分析等工作；
3. 对产品投资提供策略支持。

任职资格：
1. 金融、经济、财务、统计、数学、理工类等相关专业，大四保研或硕士研究生及以上学历；
2. 有可转债或股票行业研究实习经验的优先；
3. 有较强的逻辑分析能力、沟通能力和抗压能力，有团队合作精神。

方向2：
岗位职责：
1. 协助跟踪相关主体的信用风险变化情况，重点跟踪持仓标的，并协助与投资端保持密切的沟通交流；
2. 协助对部分行业进行覆盖，从中观层面梳理投研逻辑，挖掘投资机会，防范投资风险；
3. 对债券市场动态保持密切跟踪，研究、分析相关政策影响等，撰写信用策略、各类型专题报告，为投资端提供全方位支持。

任职资格：
1. 金融、经济、财务、统计、数学等相关专业，大四保研或硕士研究生及以上学历；
2. 有债券相关实习经验的优先，有量化、金融工程等复合背景的优先；
3. 有较强的逻辑分析能力、沟通能力和抗压能力，富有团队合作精神。",工作地点：上海市/上海市/浦东新区 南泉北路泰康保险大厦收起地图,公司简介广发证券资管,,,硕士
https://www.shixiseng.com/intern/inn_07xtvdq0n71y?pcm=pc_SearchList,无限工坊机器人,"具身人形机器人，感知算法工程师招聘！
我们有优厚的薪资待遇，平等积极的工作氛围；
你可以深度参与人形机器人产品开发的机会，与北大，宾大，交大等名校同学共同学习；
与前大疆团队共事，获得技术指导，快速提升专业能力；

职位描述
1、负责机器人3D感知算法研发和部署，包括但不限于3D目标检测与跟踪算法等； 
2、负责机器人场景理解算法的研发和部署，包括但不限于开集目标检测与语义分割、知识图谱算法、多模态算法等； 
3、负责感知数据闭环工作，包括但不限于自动化数据标注、感知性能评测等 
4、负责各类摄像头及激光雷达的接入，并进行内外参进行标定，对数据进行滤波，运动补偿等。

职位要求
1、计算机、电子信息、自动化、软件工程等相关专业本科及以上学历； 
2、了解传统或深度学习的 CV 任务例如 2D/3D Detection/Segmentation、SAM、深度估计等算法； 
3、了解激光雷达原理以及点云算法
4、Python 或 C++ 编程基础扎实。  

【加分项】
1、具有 AR/VR、无人车、机器人等方面实际项目经验优先；",工作地点：上海市/上海/徐汇区 上海市徐汇区古美路1528号6幢8层809室收起地图,公司简介无限工坊机器人,,,本科及以上
https://www.shixiseng.com/intern/inn_0izpk6gbyubq?pcm=pc_SearchList,全澜科技,"工作职责
- 行业素材搜集：跟踪整理睡眠科技、智能家居等领域资讯与用户反馈；
- 短视频剪辑：依据脚本与素材，制作适合抖音、B站、公众号的短视频；
- 公众号排版：负责“澜猫®睡眠”公众号推文的版式设计与排版编辑，优化视觉与阅读体验；
- 内容协助：参与选题策划、文案润色及数据整理，配合线上活动执行与效果分析。
任职要求
- 在校背景：本科大三或大四在读，专业不限；
- 主动可靠：责任心强、抗压能力佳，能在多任务环境中高效推动；
- 技能熟练：
  - 精通Adobe Premiere、After Effects、剪映等视频剪辑及基础特效；
  - 熟练使用Photoshop、Illustrator及公众号编辑器进行图文排版；
- 好奇探索：对新媒体运营与睡眠健康充满好奇，乐于尝试新形式；
- 沟通协作：具有良好沟通能力，能快速融入团队并跨部门协作。
其他信息
- 工作地点：上海市
- 实习周期及薪酬：面议
- 招聘人数：若干",工作地点：上海市/上海市/松江区 G60佘山智造园 佘山镇强业路801号4-3号收起地图,公司简介全澜科技,,,本科
https://www.shixiseng.com/intern/inn_nikmcwmctnmu?pcm=pc_SearchList,中宏保险,"实习职责:

	1.支持e-learning学习平台社群运营，包括组织空中直播，运营公司学习观以及靠部门沟通好协作；
	2.支持宏利全球人才发展项目本地化执行，以及公司高潜力人才发展项目
        3. 支持人才管理主要活动，包括绩效评估，人才盘点，员工敬业度调研等；
        4. 支持培训调研，现场执行，培训评估和数据分析等；
        5. 协助完成公司人才发展战略等相关报告。

	知识/技能/能力/学历:
	1.中英文办公语言；
	2.流畅的沟通协调能力；
	3.PPT/Excel等办公软件技能。

	职位亮点:
	1.  了解HR三支柱模型在企业内的应用，学习人才发展和培训模块工作；
	2.  积累世界500强跨国企业的HR实操经验，体验跨国企业工作氛围和文化；
	3.  专业HR指导，为你的职业生涯答疑解惑。",工作地点：上海市/上海市/浦东新区 金茂大厦 世纪大道88号收起地图,公司简介中宏保险,,,
https://www.shixiseng.com/intern/inn_v1grmfnvrpnk?pcm=pc_SearchList,申万菱信基金,"高端制造组

岗位职责：
1、协助相关资料数据的收集、整理，完成简单的分析报告，为基金经理、研究员提供信息支持；
2、协助进行行业和公司专题研究；
3、协助路演、内部会议安排、会议纪要撰写、日常信息处理等相关工作；
4、部门领导交办的其他工作。

任职资格：
1、大学本科或硕士以上在读，经济金融、管理、会计、数学等相关专业优先；
2、有券商研究所实习经历优先；
3、能保证一周实习3天以上，长期（6个月以上）实习者优先；
4、面试通过后2周内能到岗优先。

注1：该实习为日常实习，暂无留用机会。
注2：实习津贴本科80/天，研究生100/天，食宿需要自理。
注3：实习期满，可开具实习证明。",工作地点：上海市/上海市/黄浦区 金外滩国际广场 中山南路100号收起地图,公司简介申万菱信基金,,6个月，一周，3天,本科
https://www.shixiseng.com/intern/inn_gx8pd7k3btw9?pcm=pc_SearchList,国泰君安风险管理,"【实习内容】
1. 编写各类奇异金融衍生品结构的定价模型；
2. 校验测试第三方系统定价引擎；
3. 撰写模型说明文档；

【任职要求】
1.  本科大四或硕士在读（尚未获得学位），金融工程、金融数学、应用数学等相关数理专业背景；
2.  掌握一项编程语言，如VBA、Python；
3.  对金融衍生品有基本的了解和进一步学习的兴趣，未来有志于投身相关领域工作；
4.  勤学好问，具有良好的学习能力、书面表达能力和沟通能力，善于与各个部位的同事沟通；
5.  每周出勤不少于4天，实习期不少于3个月，期间不频繁请假；",工作地点：上海市/上海市/静安区 三和大厦(延平路)收起地图,公司简介国泰君安风险管理,,不少于3个月，4天,本科
https://www.shixiseng.com/intern/inn_awfniodtpm22?pcm=pc_SearchList,汇添富基金,"岗位职责:
1. 协助部门半年报编制，包括报告文本整理、报告数据归集、数据校验等；
2. 协助开户工作，包括报表汇总、文档整理等；
3. 支持部门其他事务性工作。
任职要求:
1. 硕士及以上学历在校生，或已获得硕士offer的大四生；
2. 专业不限，会计、经济、金融相关专业有限；
3. 能应用Python等工具进行数据校验者优先；
4. 能一周实习3天、实习2个月者优先。",工作地点：上海市浦东新区大唐建工大楼收起地图,公司简介汇添富基金,,实习2个月，一周，3天,硕士及以上
https://www.shixiseng.com/intern/inn_nsv91u1gymfz?pcm=pc_SearchList,苦瓜广告,"高端暑托班招有经验带班老师（新二年级）
工作时间周一至周五 08:00-18:00（7月1日-8月29日）
薪资5000/月，含中午一餐。
一、岗位职责

1. 学生考勤管理：认真记录学生的出勤情况，及时与家长沟通学生的缺席或迟到原因。

2. 作业辅导：监督和指导学生完成学校布置的作业，解答学生在作业过程中遇到的问题，检查学生作业完成情况，对错误之处进行耐心讲解和辅导。帮助学生养成良好的学习习惯，如正确的书写姿势、合理的时间管理等。

3. 学习指导与拓展：根据学生的学习情况，提供个性化的学习辅导，针对薄弱学科或知识点进行有针对性的强化训练。组织开展各类学习活动，如阅读、写作、数学思维训练等，拓展学生的知识面和学习兴趣。

4. 纪律管理：维持托班的秩序和纪律，制定并执行合理的班级规则，引导学生遵守纪律，培养学生的自律能力。及时处理学生之间的矛盾和冲突，营造和谐的班级氛围。

5. 生活照顾与安全保障：关心学生的日常生活需求，如提供饮用水、组织学生进行适当的休息和活动等。确保晚托班场所的安全，定期检查设施设备，消除安全隐患。在发生突发事件时，及时采取有效的措施保障学生的安全。

6. 家校沟通：定期与家长沟通学生在晚托班的表现和学习情况，及时反馈学生的进步和存在的问题。听取家长的意见和建议，不断改进工作方法，提高服务质量。

7. 活动组织与策划：根据学生的年龄特点和兴趣爱好，组织开展各类丰富多彩的课余活动，如手工制作、游戏、体育锻炼等，丰富学生的课余生活，促进学生的全面发展。

三、任职要求

1. 教育背景：具有本科及以上学历，教育相关专业优先，如学前教育、小学教育等。

2. 专业技能：具备扎实的学科知识，能够辅导小学阶段各学科的作业。熟悉小学生的学习特点和心理需求，掌握有效的教学方法和辅导技巧。

3. 工作经验：有教育教学工作经验或晚托班、辅导班工作经验者优先。

4. 个人素质：热爱教育事业，有责任心和爱心，耐心细致，善于与学生和家长沟通。具备良好的组织管理能力和应变能力，能够处理班级中的各种问题。

5. 其他要求：持有相关教师资格证书者优先。身体健康，无传染性疾病，能够适应暑托班的工作时间安排。",工作地点：上海市/上海市/闵行区 耕图艺术中心收起地图,公司简介苦瓜广告,,,本科及以上
https://www.shixiseng.com/intern/inn_5s7jss5zm6zc?pcm=pc_SearchList,哈啰,"岗位职责：
1. 协助招聘团队进行创意内容制作，包括但不限于使用 AI 工具生成文案、创意概念，运用 AE、PS、PR 等软件进行视频剪辑、图片设计、动画制作等工作，为雇主品牌形象提供具有吸引力和传播力的创意素材。
2. 负责小红书、微信公众号、脉脉等新媒体平台的图文、视频、动画等内容的编辑和优化，确保内容符合品牌风格和目标受众喜好。
3. 参与小红书、微信公众号平台的日常运营，协助编辑、发布和管理内容，根据数据分析结果优化内容策略，提高用户活跃度和粘性。
4. 协助策划和执行校招相关活动，包括活动方案制定、物料准备、推广执行等，通过创意活动提升品牌知名度和影响力。
5. 参与联动哈啰不同业务活动的创意策划，提出创新的想法和建议，为团队提供新的思路和方向。
任职要求：
1. 本科及以上学历，广告学、传播学、市场营销、数字媒体、动画设计、计算机等相关专业优先。
2. 熟练掌握 AI（如 Midjourney、ChatGPT 等）、AE、PS、PR 等软件，能够独立完成创意内容的制作，包括但不限于文案撰写、图片设计、视频剪辑、动画制作等。
3. 具备良好的创意能力和审美水平，能够根据品牌风格和目标受众需求，设计出具有吸引力和传播力的内容。
4. 熟悉新媒体平台的运营规则和特点，了解如何通过内容优化和互动策略提升用户活跃度和粘性。
5. 具备良好的团队协作精神，能够与团队成员紧密合作，共同完成项目任务。
6. 具备较强的沟通能力，能够与不同部门的人员进行有效的沟通和协调。
其他要求：
1.有新媒体运营实习经验或相关项目经验者优先。
2.有个人作品集（如图片、视频、动画等）者优先。
3.有手绘能力优先。",工作地点：上海市/上海市/闵行区 旭辉·莘庄中心-1号楼收起地图,公司简介哈啰,,,本科及以上
https://www.shixiseng.com/intern/inn_oj3jgrfvd1fb?pcm=pc_SearchList,PXLW,"Responsibilities:
•	Responsible for the S/W quality assurance (Mobile Phone, Projector, TV-STB), take charge of functionality, performance, capability, intensive testing for company chip EVA platforms.
•	Be able to create test case & test plan based on technology documents. 
•	Execute test cases, provide test results and basic analysis report.
•	Track bug status on JIRA bug tracking system.
•	Maintain and develop auto-test tools.

Requirements: 
•	Bachelor or above in Computer Science, Electronics, Communication engineering or relevant disciplines.
•	Familiar with Android/Linux environments establishment and common open-source tools operation experiences.
•	Knowledges in video/game/graphic processing is preferred.
•	Experiences in Java/Python/Shell scripts development is preferred.
•	Good written and spoken English.
•	Good teamwork, communication, and collaboration

公司简介

Pixelworks美国像素公司成立于1997年，2000年在纳斯达克上市（NASDAQ:PXLW），是一家视频和显示处理解决方案的顶级芯片研发设计厂商，通过核心算法缩小视频内容与硬件显示之间的画质差距，更加如实地反映创作者意图，为用户带来高度真实的观看体验。

基于客户的需要，可以为客户提供IP，半导体，软件及定制ASIC等各种方案。由于技术先进、画质逼真，也为苹果公司提供视频显示专利与服务用于筹备苹果电视业务。美国像素公司大概占全球投影仪显示芯片市场份额70-80%，处于绝对龙头地位，而公司收入70%以上来自亚洲地区、特别是日本，美国市场占比在10%左右。

“像素公司上海”位于张江科技城，工商注册名为逐点半导体（上海）有限公司，2004年成立，已经在张江17年，是美国像素的全资子公司和研发设计中心的成本中心，拥有员工100多人，占美国像素公司员工数的60%强。近些年像素公司加大研发力度，不断在移动端视频解决方案进行拓展。目前国内多家一线手机品牌已与美国像素公司签署多年合作协议，采用Pixelworks最新的视觉处理器和软件解决方案，改善运动图像画质、色深和智能手机显示屏的清晰度，推动高刷新率显示屏的发展，开发用于智能手机的高端显示系统。今明两年有望进一步渗透更多一线手机品牌，迎来加速放量。今年8月，公司宣布将分拆其中国子公司“逐点半导体”赴科创板上市，计划在24年左右完成IPO。

目前公司正处于高速发展时期，我们正积极寻找富有工作热情的实习生，工作表现良好者可直接转正。我们将为你提供轻松活泼愉悦的工作环境，富有竞争力的薪资及广阔的发展空间",工作地点：上海市/上海市/浦东新区 祖冲之路2290号展想广场1号楼17层收起地图,公司简介PXLW,,,
https://www.shixiseng.com/intern/inn_jutgvhvggpbq?pcm=pc_SearchList,百事公司,"Job Description：
1.Graphic Design
Create and edit graphics for layouts, logos, packaging, social media, and concept visualization using tools like Photoshop and Illustrator.
Plans and develops design concepts based on  project details and ensure project deadlines are  met.
2.Conceptualization & Visualization
Develop creative ideas for packaging/brand design, visualizing them effectively to align with team goals.
3.Social Content/Award  data maintain and management
Collect and manage social and awards’ content from project leaders, quality check and edit the content and ensure the team delivers content before the deadlines. Manage and maintain related data. (Proficiency in both Chinese and English, with exceptional writing and editing skills)
4.Feedback Integration
Obtains approval of draft designs by designated project leads.
Receive feedback from Managers, adjust designs as necessary, and ensure final deliverables meet expectations.
5.Brand Adherence & Execution
Ensure all designs adhere to established brand guidelines and complete projects within the specified deadlines.",工作地点：上海市/上海市/黄浦区 平安滨江金融中心 蒙自路757号收起地图,公司简介百事公司,,,
https://www.shixiseng.com/intern/inn_waujtyzojsji?pcm=pc_SearchList,众安保险,"安全廉政实习生
岗位职责：
1.协助部门业务相关档案及资料的整理、分类、登记等工作;
2.协助部门相关报告及材料的信息收集及基础材录入、撰写等；
3.严格执行保密制度；
4.协助部门其他日常工作。

职位要求
1.在校本科及以上学历，每周实习3天以上，可长期实习（半年以上优先）;
2.熟练使用office办公软件;
3.对待工作认真负责，细心谨慎",工作地点：上海市/上海市/黄浦区 众安保险 圆明园路219号1号楼收起地图,公司简介众安保险,,3天,本科及以上
https://www.shixiseng.com/intern/inn_tgyqgibudel5?pcm=pc_SearchList,猎上网,"1、负责 PC/H5等产品的UI界面设计，输出高保真视觉方案；
2、熟练运用AI制图工具（如Midjourney、Stable Diffusion等）辅助创意提案，提升设计效率；
3、探索AI生成与人工设计的结合方式，优化图标、插画、视觉元素产出流程。
4、制作初级交互动效（如页面转场、按钮反馈、活动抽奖、），使用AE/Principle/Lottie等工具实现；
5、与产品、开发团队紧密协作，跟进设计还原度
任职要求：
1、设计相关专业本科及以上学历，有过设计实习经历或专业出身
2、精通Figma/Sketch/Adobe XD等主流设计工具，熟练使用PS/AI进行图形处理；
3、掌握基AI工具深度使用者：能通过Prompt工程精准生成设计素材，并对结果进行优化迭代；
4、审美敏锐度：对色彩、排版、流行趋势有洞察力，作品集体现多样风格适应能力；
辛苦携带作品集沟通
4、技术理解力：了解前端基础（如CSS动画、SVG），能与开发高效沟通。
5、基础动效制作（AE/Principle），了解3D渲染基础原理（Blender/C4D入门级）。",工作地点：上海市/上海市/虹口区 星荟中心收起地图,公司简介猎上网,,,本科及以上
https://www.shixiseng.com/intern/inn_jh83jtiodxrj?pcm=pc_SearchList,居然设计家,"岗位职责：
1. 在社交媒体发布有吸引力的西班牙语/葡萄牙语推广内容，包括公司介绍和产品信息，通过LinkedIn、Facebook等社交媒体平台进行传播。
2. 积极与社交媒体上的潜在客户互动，收集留资信息，建立初步的客户联系。
3. 通过邮件或线上会议对接并跟进留资线索，通过电话或电子邮件了解客户需求，协助销售团队促成谈单。
4. 定期更新和维护公司官网相关语言页面内容，确保信息的准确性和最新性。
5. 协助销售团队进行市场分析和竞品调研，为制定销售策略提供支持。
岗位要求：
1. 流利的西语/葡语沟通能力，具备较强的书面和口头表达能力；会其他小语种更佳；
2. 善于总结归纳和分析，有良好的逻辑思维能力；熟悉办公软件应用（Word/Excel/PPT）；会视频制作/剪辑
3. 良好的沟通协调能力及团队协作能力；    
4. 有较强的责任心，工作认真细致，持续三个月及以上、一周可以工作三天以上优先。",工作地点：上海市/上海市/浦东新区 居然设计家峨山路91弄-130号陆家嘴软件园12号楼4层收起地图,公司简介居然设计家,,三个月，一周，三天,
