sync_key,status,collect_time
official_xiaohongshu|17244,NEW,2026-03-16 19:53:38
official_xiaohongshu|13418,NEW,2026-03-16 19:53:38
official_xiaohongshu|841e9822d0837723fed34e9d6846ecf6,CLOSED,2026-03-16 19:53:38
official_xiaohongshu|ebabdc47f7c89539315118bf1567ca33,CLOSED,2026-03-16 19:53:38
official_xiaohongshu|b3eec96c4cca7252f2b0e6d30d2002b7,CLOSED,2026-03-16 19:53:38
official_xiaohongshu|a40cfbb8c05d93a3da26725d79a196ba,CLOSED,2026-03-16 19:53:38
official_xiaohongshu|312107e79157ea444f057c3e3d5017fd,CLOSED,2026-03-16 19:53:38
official_xiaohongshu|911bf411bc898175fd55a24244351896,CLOSED,2026-03-16 19:53:38
official_xiaohongshu|fe21725e59fc662c4f484157392e298f,CLOSED,2026-03-16 19:53:38
official_xiaohongshu|acb1e30292ad6cece1a925860194118d,CLOSED,2026-03-16 19:53:38
official_xiaohongshu|bd2a9287abefc42beb88f12269b55f3c,CLOSED,2026-03-16 19:53:38
official_xiaohongshu|a1c77c67af8fd8802e0cb552324d3c75,CLOSED,2026-03-16 19:53:38
official_xiaohongshu|bd309cc1261f7dc8f05e842b706d1cc9,CLOSED,2026-03-16 19:53:38
official_xiaohongshu|047b95f35f1b83d4fa46b91667be23ab,CLOSED,2026-03-16 19:53:38
official_xiaohongshu|aa0c916032d4452e7a1cc1357ccf88a6,CLOSED,2026-03-16 19:53:38
official_xiaohongshu|f9509ba187daa1af6c66288ad9b9806c,CLOSED,2026-03-16 19:53:38
official_xiaohongshu|46f84be91057d2de535bdfadd8e650be,CLOSED,2026-03-16 19:53:38
official_xiaohongshu|45ac140966e110ec1f8b4cea09e80880,CLOSED,2026-03-16 19:53:38
official_xiaohongshu|ecaf81cba40a1a6d48d8f624496c13d4,CLOSED,2026-03-16 19:53:38
official_xiaohongshu|ab4a848a783e4a1599fd5653e4446ea2,CLOSED,2026-03-16 19:53:38
official_xiaohongshu|babb3fbe8ef2874aa19cb27e73c5b305,CLOSED,2026-03-16 19:53:38
official_xiaohongshu|26b962a40c84735477ee457688646ef6,CLOSED,2026-03-16 19:53:38
official_xiaohongshu|f0e6830a7efe8eb600d163b9e8376889,CLOSED,2026-03-16 19:53:38
official_xiaohongshu|b271c8c6c4d39d7dba48c6528202dd6c,CLOSED,2026-03-16 19:53:38
official_xiaohongshu|794a7437637655b7d32ac560c9658c69,CLOSED,2026-03-16 19:53:38
official_xiaohongshu|57423ea055d72200599c5bd14134e78b,CLOSED,2026-03-16 19:53:38
official_xiaohongshu|d9a82ececa2802d0a4b96bad4ce613b3,CLOSED,2026-03-16 19:53:38
official_xiaohongshu|a5f513c8d05b53036c3687b3d5a83e50,CLOSED,2026-03-16 19:53:38
official_xiaohongshu|0b82424b066ae477de706763c8a8f637,CLOSED,2026-03-16 19:53:38
official_xiaohongshu|8c9a0b71043f0d642dd3c489bcab62e3,CLOSED,2026-03-16 19:53:38
official_xiaohongshu|013304359051846d0ff0453fd1326200,CLOSED,2026-03-16 19:53:38
official_xiaohongshu|9ec4c65976d1fc59188b541ba4c47056,CLOSED,2026-03-16 19:53:38
official_xiaohongshu|992a259bbb06f7968cb3b5167f90f20b,CLOSED,2026-03-16 19:53:38
official_xiaohongshu|e5d8e7633bebb48403aa42659782904a,CLOSED,2026-03-16 19:53:38
official_xiaohongshu|00142c13edbf355fe6e369139690c98c,CLOSED,2026-03-16 19:53:38
official_xiaohongshu|afffd62ea58541f87717d3d69f2a0c62,CLOSED,2026-03-16 19:53:38
official_xiaohongshu|c13b97bc98204f136d561c5ee40efe7a,CLOSED,2026-03-16 19:53:38
official_xiaohongshu|176630c9c850c5f41954d3c649e50908,CLOSED,2026-03-16 19:53:38
official_xiaohongshu|c96e06b8b11f62d72090abbeeee9a94b,CLOSED,2026-03-16 19:53:38
official_xiaohongshu|34509f390dc6be8c84d3c4bb46ee6496,CLOSED,2026-03-16 19:53:38
official_xiaohongshu|005348fde9c6cb6cc285b14fffe179e5,CLOSED,2026-03-16 19:53:38
official_xiaohongshu|7b412a4403780466ea2ee9b5217d83f5,CLOSED,2026-03-16 19:53:38
official_xiaohongshu|268c32881d8247bedd825585b3f3effd,CLOSED,2026-03-16 19:53:38
official_xiaohongshu|b310a87452486a845aa19f58ae08e747,CLOSED,2026-03-16 19:53:38
official_xiaohongshu|83aa32290aba1be93a5336c67a4f6a88,CLOSED,2026-03-16 19:53:38
official_xiaohongshu|e9db1bf8d426ad9d8a027ad410e216ca,CLOSED,2026-03-16 19:53:38
official_xiaohongshu|8594f16f7a34ea9f4f0a7308de278c66,CLOSED,2026-03-16 19:53:38
official_xiaohongshu|424eee4cf006096ee9f626efebf6e58f,CLOSED,2026-03-16 19:53:38
official_xiaohongshu|76117487797c14ceac71d23b5fad36a3,CLOSED,2026-03-16 19:53:38
official_xiaohongshu|f1c697d579df2bb69c6744b7374b1bae,CLOSED,2026-03-16 19:53:38
official_xiaohongshu|a970305962e8d7cce433c4a205a1754f,CLOSED,2026-03-16 19:53:38
official_xiaohongshu|eb13700bb4dcd2231c14e0d848c55b87,CLOSED,2026-03-16 19:53:38
official_xiaohongshu|f8906fc363f79f25f185a47df00896ae,CLOSED,2026-03-16 19:53:38
official_xiaohongshu|e30140a086b7fbab2cb98609bd2f9d29,CLOSED,2026-03-16 19:53:38
official_xiaohongshu|3c442ff4354038a14053d285362302a9,CLOSED,2026-03-16 19:53:38
official_xiaohongshu|a64d0ac752f74188784b48d3d84dbe2f,CLOSED,2026-03-16 19:53:38
official_xiaohongshu|6af26c9c66eaf5b243b83dbce052415c,CLOSED,2026-03-16 19:53:38
official_xiaohongshu|1c2e1aca965386cca32f4f691590a52e,CLOSED,2026-03-16 19:53:38
official_xiaohongshu|f85094adfaca0a35f0c2d64ed3fb22b0,CLOSED,2026-03-16 19:53:38
official_xiaohongshu|fc692f9f86dff4962871f088893f7af2,CLOSED,2026-03-16 19:53:38
official_xiaohongshu|816e3938a92ca7e01fe6d359c06d7583,CLOSED,2026-03-16 19:53:38
official_xiaohongshu|0165ae307150e6f5040a153669dd8064,CLOSED,2026-03-16 19:53:38
official_xiaohongshu|1714072c01d80701f7832075a68e3dc7,CLOSED,2026-03-16 19:53:38
official_xiaohongshu|8504e3b2afa136647a0c10d3720ac20f,CLOSED,2026-03-16 19:53:38
official_xiaohongshu|20ba7f5d9e3d0f96c53ce28a37c86e92,CLOSED,2026-03-16 19:53:38
official_xiaohongshu|f51235e5e4085def6042b850be664d72,CLOSED,2026-03-16 19:53:38
official_xiaohongshu|c236da7d781ad002c38877e1c5eac96c,CLOSED,2026-03-16 19:53:38
official_xiaohongshu|ceb0369e98d160f7c55ce5b6d2b30031,CLOSED,2026-03-16 19:53:38
official_xiaohongshu|9146b47c6be8c7af77124cab80ec12a5,CLOSED,2026-03-16 19:53:38
official_xiaohongshu|101ac963be7a52be76cf71897e62b67f,CLOSED,2026-03-16 19:53:38
official_xiaohongshu|e977b06481da6edb9e5db3ed26ba7db6,CLOSED,2026-03-16 19:53:38
official_xiaohongshu|9099435df5dc590d23079756519999f4,CLOSED,2026-03-16 19:53:38
official_xiaohongshu|fd3b5fcf107209398e403ba05525583a,CLOSED,2026-03-16 19:53:38
official_xiaohongshu|8c3cf0214e1ae9eae2ec87061ac08ba5,CLOSED,2026-03-16 19:53:38
official_xiaohongshu|f2b051f96d464f42c6d587929e0e3bcd,CLOSED,2026-03-16 19:53:38
official_xiaohongshu|90df3249dffa93f04256b38b74d27cb7,CLOSED,2026-03-16 19:53:38
official_xiaohongshu|816f020c024a7019a428663391c662f7,CLOSED,2026-03-16 19:53:38
official_xiaohongshu|dd5ac16f421749e37605f5d44f2118a8,CLOSED,2026-03-16 19:53:38
official_xiaohongshu|8234b683276f496b85fdfc05cfa2ae23,CLOSED,2026-03-16 19:53:38
official_xiaohongshu|eefe94f4419b5b2a7d3c6ec2ec414558,CLOSED,2026-03-16 19:53:38
official_xiaohongshu|9c32817dfc8d2a201b765abdfaf9d669,CLOSED,2026-03-16 19:53:38
official_xiaohongshu|3ff11d105477f1ad318531c51b3d126e,CLOSED,2026-03-16 19:53:38
official_xiaohongshu|8ea1992c8f66867ed398de7b96365ca8,CLOSED,2026-03-16 19:53:38
official_xiaohongshu|049c9aa36eec97d2df1e4eccefca7e4e,CLOSED,2026-03-16 19:53:38
official_xiaohongshu|6e4a415f6eb552c94647b23561112a42,CLOSED,2026-03-16 19:53:38
official_xiaohongshu|8dcad029f292482954721a3c47b7ad7f,CLOSED,2026-03-16 19:53:38
official_xiaohongshu|2fa4d3e3f7b2c5aaf773531cd090d85a,CLOSED,2026-03-16 19:53:38
official_xiaohongshu|15fc8bc5d752f1a726cb5e1d48d5354c,CLOSED,2026-03-16 19:53:38
official_xiaohongshu|0f15c83222f10b2fda54bcd0d4089cd6,CLOSED,2026-03-16 19:53:38
official_xiaohongshu|2c69b409e094f26d6c1a3d6d19df2d05,CLOSED,2026-03-16 19:53:38
official_xiaohongshu|126c284aa92039becf4b96cbb0c51f20,CLOSED,2026-03-16 19:53:38
official_xiaohongshu|a7f5dcda1b7fb07834ebad84da6e7f46,CLOSED,2026-03-16 19:53:38
official_xiaohongshu|decd9a81d4efcc66c7e3ed5132d5c8e2,CLOSED,2026-03-16 19:53:38
official_xiaohongshu|765dd8a86bd1d21c191f1e682515a769,CLOSED,2026-03-16 19:53:38
official_xiaohongshu|b2bac6d815a00174d6b7919e7cffbdb6,CLOSED,2026-03-16 19:53:38
official_xiaohongshu|f1c13ea6913516d6bc4a3f3a0cf917fa,CLOSED,2026-03-16 19:53:38
official_xiaohongshu|cb3f12b8f6e2638d39a9b89415d5ebfa,CLOSED,2026-03-16 19:53:38
official_xiaohongshu|edcd220fa1d669791b77d46f2851fa37,CLOSED,2026-03-16 19:53:38
official_xiaohongshu|5e2e3575483e5b6bf2e689577dd0ecc6,CLOSED,2026-03-16 19:53:38
official_xiaohongshu|4c10b85f5424b3bb5b0e8bde1f238b18,CLOSED,2026-03-16 19:53:38
official_xiaohongshu|50cdf4d9c6bc3a18ef8f0c4b7d063180,CLOSED,2026-03-16 19:53:38
official_xiaohongshu|8a38c0e1e51c7fc715253dfe897ef856,CLOSED,2026-03-16 19:53:38
official_xiaohongshu|dce7177ecc9b9fc03fd1c53fab8806ac,CLOSED,2026-03-16 19:53:38
official_xiaohongshu|ac677fd192f1d77cc6f34a74f9414bc6,CLOSED,2026-03-16 19:53:38
official_xiaohongshu|49d6ff5ddf3987b20ac1a86141e4bcc7,CLOSED,2026-03-16 19:53:38
official_xiaohongshu|da58f7990908dcb08f48ba677cb1c26f,CLOSED,2026-03-16 19:53:38
official_xiaohongshu|0ff2c6636d01df7f01db195becc58f09,CLOSED,2026-03-16 19:53:38
official_xiaohongshu|fdd6a0865395044c88e6ea79e93fda54,CLOSED,2026-03-16 19:53:38
official_xiaohongshu|6c289c46789faf0b32faa2dcb1787ef3,CLOSED,2026-03-16 19:53:38
official_xiaohongshu|365d9048dbb85a32c5f70d775086c030,CLOSED,2026-03-16 19:53:38
official_xiaohongshu|9911e26250ed118fd7afb6ed6565e209,CLOSED,2026-03-16 19:53:38
official_xiaohongshu|97ab79f4400c84086680b59fbe484f45,CLOSED,2026-03-16 19:53:38
official_xiaohongshu|1344c50e99d1faea1874e3f1c7d33c3e,CLOSED,2026-03-16 19:53:38
official_xiaohongshu|78442f62f9b2c8e0c37bbc825a668036,CLOSED,2026-03-16 19:53:38
official_xiaohongshu|03f8c5e0d3d8295787b48263cbbcfe34,CLOSED,2026-03-16 19:53:38
official_xiaohongshu|ba9cb335d7e471b2d6e9c0dad501c214,CLOSED,2026-03-16 19:53:38
official_xiaohongshu|cca2f9c0e41be2a7628c01456c1ed361,CLOSED,2026-03-16 19:53:38
official_xiaohongshu|cfae2005772a9f4b669a49253ee7d73a,CLOSED,2026-03-16 19:53:38
official_xiaohongshu|74b4a7f2c8b7bfb0963103052c430406,CLOSED,2026-03-16 19:53:38
official_xiaohongshu|e8fa7d15257b36d77e25b381fa3f5809,CLOSED,2026-03-16 19:53:38
official_xiaohongshu|40eec450cbccff557feeb918f811fcd5,CLOSED,2026-03-16 19:53:38
official_xiaohongshu|9c18c8bbe234951d0bb0898b35825996,CLOSED,2026-03-16 19:53:38
official_xiaohongshu|ccd0790fa5ed3a8a56f16765bf189490,CLOSED,2026-03-16 19:53:38
official_xiaohongshu|c5e476230b971b944ed09ce0eae1896b,CLOSED,2026-03-16 19:53:38
official_xiaohongshu|e10d282aff8b52dcdfbf43b062617001,CLOSED,2026-03-16 19:53:38
official_xiaohongshu|18a13dc738c3d56316f89f5c797a9de4,CLOSED,2026-03-16 19:53:38
official_xiaohongshu|a596c530df90bcf07fddea691e7c2fb0,CLOSED,2026-03-16 19:53:38
official_xiaohongshu|d06d948fcc3587a5e3dff9836c0e0505,CLOSED,2026-03-16 19:53:38
official_xiaohongshu|12fe5725564ebf8eeff54e48755b6d8f,CLOSED,2026-03-16 19:53:38
official_xiaohongshu|262ad5ad2203234986e332d1191d501d,CLOSED,2026-03-16 19:53:38
official_xiaohongshu|5dfa0aa86bb4c4efd44a80f839c26d60,CLOSED,2026-03-16 19:53:38
official_xiaohongshu|2b0a72e217fb8083d24e09c32fb0f5e2,CLOSED,2026-03-16 19:53:38
official_xiaohongshu|c57af96a2a8a8af0410cba5cb0247594,CLOSED,2026-03-16 19:53:38
official_xiaohongshu|c9d87a24ba5d7e5a7ddf5e3fb1346bd8,CLOSED,2026-03-16 19:53:38
official_xiaohongshu|db6926ed5510e6a9350276386e8fc9b6,CLOSED,2026-03-16 19:53:38
official_xiaohongshu|9ee77d362f9caa0be9de8e7ffde11505,CLOSED,2026-03-16 19:53:38
official_xiaohongshu|39ba60ab72ae8a40a26f5e71b7114a0e,CLOSED,2026-03-16 19:53:38
official_xiaohongshu|4e7caf205e2147a8e725d516d607a05f,CLOSED,2026-03-16 19:53:38
official_xiaohongshu|5ef07d9cca6b093ad4afb289bb6ec370,CLOSED,2026-03-16 19:53:38
official_xiaohongshu|0b034b7bcf0224c7029c544610ced276,CLOSED,2026-03-16 19:53:38
official_xiaohongshu|eec8ccb85447c66f4532ade3ecc7b2e4,CLOSED,2026-03-16 19:53:38
official_xiaohongshu|6d2b0798b9e45112b83fbfaf1d0304b1,CLOSED,2026-03-16 19:53:38
official_xiaohongshu|f21753aca8f3db116ecf80812c1a4b61,CLOSED,2026-03-16 19:53:38
official_xiaohongshu|cd0158112217132ffd282175507edd84,CLOSED,2026-03-16 19:53:38
official_xiaohongshu|8dcef78d25d2f77c189c85b2c6d7b99e,CLOSED,2026-03-16 19:53:38
official_xiaohongshu|6f9f0913db5ce360c398a2c1c5f63716,CLOSED,2026-03-16 19:53:38
official_xiaohongshu|ad74eab977289dbdb0674e6727751cc2,CLOSED,2026-03-16 19:53:38
official_xiaohongshu|6a934e33fba187577c2db94b80b7b759,CLOSED,2026-03-16 19:53:38
official_xiaohongshu|2c859e35d5acde78344e04f07c5ad44f,CLOSED,2026-03-16 19:53:38
official_xiaohongshu|7c866291f80dbe3341266ff6dd79b28a,CLOSED,2026-03-16 19:53:38
official_xiaohongshu|bf86231d64f815bdcc4170c0d264eec1,CLOSED,2026-03-16 19:53:38
official_xiaohongshu|6395c206a3099144e77013f153f7662c,CLOSED,2026-03-16 19:53:38
official_xiaohongshu|7ad41e28e36d43ec244d273152601567,CLOSED,2026-03-16 19:53:38
official_xiaohongshu|b01cb3ff45b0a7589bb314070bdc1cc1,CLOSED,2026-03-16 19:53:38
official_xiaohongshu|e8e0af4080e962f3dd291348c1639cf4,CLOSED,2026-03-16 19:53:38
official_xiaohongshu|8c3235834f93c183f6847cec04ee203b,CLOSED,2026-03-16 19:53:38
official_xiaohongshu|9c433933605bd79561e8c70df959f766,CLOSED,2026-03-16 19:53:38
official_xiaohongshu|c35ba6b4a86b0ed0e76780299650dd1b,CLOSED,2026-03-16 19:53:38
official_xiaohongshu|9a7af08c6f9489e19b869c853ccef59c,CLOSED,2026-03-16 19:53:38
official_xiaohongshu|8d672879cfa41ad5e208353ad4fc4380,CLOSED,2026-03-16 19:53:38
official_xiaohongshu|4047ee554b8b357d0cac6ca2aae15800,CLOSED,2026-03-16 19:53:38
official_xiaohongshu|477dd7d5c2100dc6766396447227e37c,CLOSED,2026-03-16 19:53:38
official_xiaohongshu|2a85a5035cea7e404c77f23f5e614de1,CLOSED,2026-03-16 19:53:38
official_xiaohongshu|0e5902c4ca842a436ff5de5860d11b0f,CLOSED,2026-03-16 19:53:38
official_xiaohongshu|2348912996d38a90d03d8ccbf4fbb83d,CLOSED,2026-03-16 19:53:38
official_xiaohongshu|fea884defbf6fb781ebe9e0f4dd53ce0,CLOSED,2026-03-16 19:53:38
official_xiaohongshu|aef35d2caa61de22c041370a4e3ec1a2,CLOSED,2026-03-16 19:53:38
official_xiaohongshu|2eb0e6ac64936023452b8ca60efe1e02,CLOSED,2026-03-16 19:53:38
official_xiaohongshu|41d2d013a1d41f6b56cae4fff5702640,CLOSED,2026-03-16 19:53:38
official_xiaohongshu|e3323a9847ac48aabbcd16b50f266345,CLOSED,2026-03-16 19:53:38
official_xiaohongshu|26ae84db289bddfa056362a30955aba2,CLOSED,2026-03-16 19:53:38
official_xiaohongshu|0efa76d05b0a05a6635c1b71de355dfa,CLOSED,2026-03-16 19:53:38
official_xiaohongshu|97fc526b7dabffa361888286bd1fac75,CLOSED,2026-03-16 19:53:38
official_xiaohongshu|af9969239eb5768a2a239c5c8c66e20f,CLOSED,2026-03-16 19:53:38
official_xiaohongshu|6a54cb68f114cc07953b632d05bc4d41,CLOSED,2026-03-16 19:53:38
official_xiaohongshu|73dd54c3bb157a03c74561664d7a86ef,CLOSED,2026-03-16 19:53:38
official_xiaohongshu|8463e9ab6a39c6debc70d8cd0d689649,CLOSED,2026-03-16 19:53:38
official_xiaohongshu|88b8a48a5ebdeead99ccaf7bc5fc704b,CLOSED,2026-03-16 19:53:38
official_xiaohongshu|17c68e907d570b511d7eecdd0c27223b,CLOSED,2026-03-16 19:53:38
official_xiaohongshu|878cad5a4938b4d5b5054653d8ba4fe9,CLOSED,2026-03-16 19:53:38
official_xiaohongshu|8e999f0714ad5e7ab11ac115e745aed5,CLOSED,2026-03-16 19:53:38
official_xiaohongshu|a32c365e75d7a8f7639850fb330c434d,CLOSED,2026-03-16 19:53:38
official_xiaohongshu|f47095337e0f7f5fa0ec2b9cad687876,CLOSED,2026-03-16 19:53:38
official_xiaohongshu|91b607de63a3baf019a07409a9e9f627,CLOSED,2026-03-16 19:53:38
official_xiaohongshu|e85f1b944f5261ce4959544932e3d53e,CLOSED,2026-03-16 19:53:38
official_xiaohongshu|8d94302124db720f9a48c4855400572d,CLOSED,2026-03-16 19:53:38
official_xiaohongshu|5b307b4678c4eac49d9b4915969280a5,CLOSED,2026-03-16 19:53:38
official_xiaohongshu|ba759047ecb666d20b050c5527364f8f,CLOSED,2026-03-16 19:53:38
official_xiaohongshu|95db8326a24fb1b0677e36526d10b6a0,CLOSED,2026-03-16 19:53:38
official_xiaohongshu|f449dfdf8fb853c14ee72be0ecf5d9aa,CLOSED,2026-03-16 19:53:38
official_xiaohongshu|4d354de40f8279c2e797a8697716b2cb,CLOSED,2026-03-16 19:53:38
official_xiaohongshu|36a46c15cbaccf2e5187d65c499770d1,CLOSED,2026-03-16 19:53:38
official_xiaohongshu|de4d49705826f695de16f4411a950422,CLOSED,2026-03-16 19:53:38
official_xiaohongshu|6f2cc88cd89f65d019fc2d58127c6eca,CLOSED,2026-03-16 19:53:38
official_xiaohongshu|90942f78bfcee1d2ec15481a6dca171c,CLOSED,2026-03-16 19:53:38
official_xiaohongshu|905d092c7fed20f71649c8f42a6a2b02,CLOSED,2026-03-16 19:53:38
official_xiaohongshu|35399359857cef1d2819dd25ad708314,CLOSED,2026-03-16 19:53:38
official_xiaohongshu|64f799ad35e9cdeaa38151b88956daed,CLOSED,2026-03-16 19:53:38
official_xiaohongshu|38aa4957c5630722537a3e1ade98ea9f,CLOSED,2026-03-16 19:53:38
official_xiaohongshu|f19e82f3c0e491fa1a273fcc41369e4a,CLOSED,2026-03-16 19:53:38
official_xiaohongshu|4437080a1d21cae91773f37e3f5011bb,CLOSED,2026-03-16 19:53:38
official_xiaohongshu|8b848505a2d534a0b7d4e33072fce4bd,CLOSED,2026-03-16 19:53:38
official_xiaohongshu|d5323930c15ce8ce4f5e6f2546dfb5c1,CLOSED,2026-03-16 19:53:38
official_xiaohongshu|42bb891fd5ffc016224c5d33b3603aef,CLOSED,2026-03-16 19:53:38
official_xiaohongshu|0d1f672dfd2a3fdda1e10a0a5ee2fd41,CLOSED,2026-03-16 19:53:38
official_xiaohongshu|01a63f04e437fa5d92ad32d7b502b335,CLOSED,2026-03-16 19:53:38
official_xiaohongshu|bda3351f6644404066275fd6cb1eb34c,CLOSED,2026-03-16 19:53:38
official_xiaohongshu|0f1de33cfceba7e75a822d99e446611e,CLOSED,2026-03-16 19:53:38
official_xiaohongshu|7e27d68afaad29f3e619a3a2f180135c,CLOSED,2026-03-16 19:53:38
official_xiaohongshu|5066bf3e326915d1fa4e1d93d49ac169,CLOSED,2026-03-16 19:53:38
official_xiaohongshu|c7a3e71f46469cfc54693ae64ab4757a,CLOSED,2026-03-16 19:53:38
official_xiaohongshu|3e82fd01ec69c88e39052c974dfa68b6,CLOSED,2026-03-16 19:53:38
official_xiaohongshu|58d943741b7cac520872707f43b9c27f,CLOSED,2026-03-16 19:53:38
official_xiaohongshu|a38af1ee7391f21984f5d1423e5df633,CLOSED,2026-03-16 19:53:38
official_xiaohongshu|a23b011af633ddb4c76daacd7a7f8cdd,CLOSED,2026-03-16 19:53:38
official_xiaohongshu|731a92137c530df725f6cccb9c043ca2,CLOSED,2026-03-16 19:53:38
official_xiaohongshu|86b42f52bf16836ea72db940e49088a9,CLOSED,2026-03-16 19:53:38
official_xiaohongshu|5e355487158818a56ad21a503135b280,CLOSED,2026-03-16 19:53:38
official_xiaohongshu|7d774129e08b964dc09b4ad89ced2300,CLOSED,2026-03-16 19:53:38
official_xiaohongshu|88005ad052e70fc8a537549baf46ef7c,CLOSED,2026-03-16 19:53:38
official_xiaohongshu|b5c125b4517f6057be2d7e729ba258f2,CLOSED,2026-03-16 19:53:38
official_xiaohongshu|59b6f1fcd6995d4207b7c6ca054fca6f,CLOSED,2026-03-16 19:53:38
official_xiaohongshu|72e31835f8320483bd3ad5b50e9fee06,CLOSED,2026-03-16 19:53:38
official_xiaohongshu|22ce7e6474906d042ee9f098a36d0906,CLOSED,2026-03-16 19:53:38
official_xiaohongshu|b7de729c2f69bbf724b4421490f81c12,CLOSED,2026-03-16 19:53:38
official_xiaohongshu|32e0b8a6bb41128b69c96d63ebd704d7,CLOSED,2026-03-16 19:53:38
official_xiaohongshu|ab4cb2877b23da9183cce4c592d2d33b,CLOSED,2026-03-16 19:53:38
official_xiaohongshu|a7af6a040eb5c57eb40afe323a9bfbb5,CLOSED,2026-03-16 19:53:38
official_xiaohongshu|cd196e557f93920130f18173a7c3e1ae,CLOSED,2026-03-16 19:53:38
official_xiaohongshu|c9872e609f4edfd04a99f81d7e6ac46b,CLOSED,2026-03-16 19:53:38
official_xiaohongshu|0c58869d6ad89d9fcf0e4844d8404b31,CLOSED,2026-03-16 19:53:38
official_xiaohongshu|e1b1145f50d6e8d91d5b329fa2915b10,CLOSED,2026-03-16 19:53:38
official_xiaohongshu|df112af548d5fd33e5336f14bc7daf11,CLOSED,2026-03-16 19:53:38
official_xiaohongshu|a97df23148641aecab0573efeaf84b66,CLOSED,2026-03-16 19:53:38
official_xiaohongshu|fad37b2ab3d5fd92f238721913ca7e8a,CLOSED,2026-03-16 19:53:38
official_xiaohongshu|ac968f2c11e68a71fe70f126927a8a9e,CLOSED,2026-03-16 19:53:38
official_xiaohongshu|07c165ec793145af95cdc774af39d8e5,CLOSED,2026-03-16 19:53:38
official_xiaohongshu|c6b4accff94b288d9f93aaf46768fc1a,CLOSED,2026-03-16 19:53:38
official_xiaohongshu|c415b47a6a4e5a56ad158caf1745834c,CLOSED,2026-03-16 19:53:38
official_xiaohongshu|8d11d276693250b54ca0935a9ff925ee,CLOSED,2026-03-16 19:53:38
official_xiaohongshu|2487bb72bf744881b7ce754bc69ab61c,CLOSED,2026-03-16 19:53:38
official_xiaohongshu|8ed0235f28fc043af42d16bf8feebaa4,CLOSED,2026-03-16 19:53:38
official_xiaohongshu|25dcccf9ba5fc5f0ed3d6683c67a0a53,CLOSED,2026-03-16 19:53:38
official_xiaohongshu|b808684cf3ae2810373aa35617ac48c8,CLOSED,2026-03-16 19:53:38
official_xiaohongshu|4c684c56a9595d9f2b0d34b4617f5520,CLOSED,2026-03-16 19:53:38
official_xiaohongshu|ea6c120ec8d767cb62ba4e73896ebc80,CLOSED,2026-03-16 19:53:38
official_xiaohongshu|92e02cd92189c00050ae1fd62d0b405e,CLOSED,2026-03-16 19:53:38
official_xiaohongshu|37a6df6ce1434435c070fdb1eb0760ca,CLOSED,2026-03-16 19:53:38
official_xiaohongshu|4e3393dc85bd473400840617c5ada01b,CLOSED,2026-03-16 19:53:38
official_xiaohongshu|92591935838286ccda32ed3a68737ba9,CLOSED,2026-03-16 19:53:38
official_xiaohongshu|e3d70418bf0c221121e98d85a44e1d41,CLOSED,2026-03-16 19:53:38
official_xiaohongshu|88333bc7fa79c4093bac8a87ace2718d,CLOSED,2026-03-16 19:53:38
official_xiaohongshu|f2af99742a00991b92722a2bb7158b8b,CLOSED,2026-03-16 19:53:38
official_xiaohongshu|202835f44a4204978bed6ec5dbc95373,CLOSED,2026-03-16 19:53:38
official_xiaohongshu|536a460b1685ba510e0a859a066e77ca,CLOSED,2026-03-16 19:53:38
official_xiaohongshu|f4cf6f2867c4918126168472d9cb5a1e,CLOSED,2026-03-16 19:53:38
official_xiaohongshu|3247ed9e53e5fd5ef20d250ce1d1d32b,CLOSED,2026-03-16 19:53:38
official_xiaohongshu|66c19c537e73d20e4eb777f7f5e43562,CLOSED,2026-03-16 19:53:38
official_xiaohongshu|c45cb58bf101c5efdfc6b36d9fa774ab,CLOSED,2026-03-16 19:53:38
official_xiaohongshu|43db90a6ea1e8bced94d6f9b28af6a17,CLOSED,2026-03-16 19:53:38
official_xiaohongshu|72c44d5b473e4151da5de6738f0dfba8,CLOSED,2026-03-16 19:53:38
official_xiaohongshu|d17e686c3c3c497bfa338a830248b849,CLOSED,2026-03-16 19:53:38
official_xiaohongshu|7722715b999da5a08d05555ca26079a5,CLOSED,2026-03-16 19:53:38
official_xiaohongshu|dea10a4c8854d964126d4a7cb11c5331,CLOSED,2026-03-16 19:53:38
official_xiaohongshu|19390b10d97b65f4759ccc65cd478972,CLOSED,2026-03-16 19:53:38
official_xiaohongshu|4c8e287611e4131855bd70462aa43227,CLOSED,2026-03-16 19:53:38
official_xiaohongshu|5bf94c226c1ec5729f9291f41906a2da,CLOSED,2026-03-16 19:53:38
official_xiaohongshu|3b748258cdf5f93bda6e2c3710631245,CLOSED,2026-03-16 19:53:38
official_xiaohongshu|b6fd3f5b5a5c481dd8f44c47102ade32,CLOSED,2026-03-16 19:53:38
official_xiaohongshu|8ee2cca90bee5e9751cf02be0468a540,CLOSED,2026-03-16 19:53:38
official_xiaohongshu|88fe922d176ead766b2cee8468ef45d0,CLOSED,2026-03-16 19:53:38
official_xiaohongshu|07e76da2d531b2be244aa1d2c894eb62,CLOSED,2026-03-16 19:53:38
official_xiaohongshu|438f65d2180e3f09baf2bf0584668927,CLOSED,2026-03-16 19:53:38
official_xiaohongshu|5637fa50c2fe30c486a62cb92936c0cb,CLOSED,2026-03-16 19:53:38
official_xiaohongshu|68082ef4a796b39e0d9d392ac3aba6fc,CLOSED,2026-03-16 19:53:38
official_xiaohongshu|512261eaf25eda267d15daa98d2704c4,CLOSED,2026-03-16 19:53:38
official_xiaohongshu|fe982b44466d67a33771f621cbfe1b13,CLOSED,2026-03-16 19:53:38
official_xiaohongshu|532c10b2d754a33e56f699c4419ca366,CLOSED,2026-03-16 19:53:38
official_xiaohongshu|23dfb48f14c0d66b67933cc3eda86aff,CLOSED,2026-03-16 19:53:38
official_xiaohongshu|29a8b0c9dc33d19db6e34c5fe5b072bc,CLOSED,2026-03-16 19:53:38
official_xiaohongshu|ac45337f949322e9f2a14b8e198cb63f,CLOSED,2026-03-16 19:53:38
official_xiaohongshu|1134264ffd9722f2fb983ec31558953d,CLOSED,2026-03-16 19:53:38
official_xiaohongshu|df8ed16ca82310c7842a852c27f868eb,CLOSED,2026-03-16 19:53:38
official_xiaohongshu|ed6600911decb59cc04feb05ac57833e,CLOSED,2026-03-16 19:53:38
official_xiaohongshu|d932d44e9de718d5ea42ac33e8d2e570,CLOSED,2026-03-16 19:53:38
official_xiaohongshu|9c7e1bb8d6160c26c3024b276f09e1de,CLOSED,2026-03-16 19:53:38
official_xiaohongshu|35d3ec92691eac01411b0c99d2610100,CLOSED,2026-03-16 19:53:38
official_xiaohongshu|4e2d8a709657accb9729b4e2d2e45045,CLOSED,2026-03-16 19:53:38
official_xiaohongshu|5c41d76824d2454fc61017602f27a55a,CLOSED,2026-03-16 19:53:38
official_xiaohongshu|2a85c88273fabb9c8de380515c363abd,CLOSED,2026-03-16 19:53:38
official_xiaohongshu|5ee5873014348091cdc7de3f3534fdfd,CLOSED,2026-03-16 19:53:38
official_xiaohongshu|cd524193847c2ab7ca23ca907f33e0fb,CLOSED,2026-03-16 19:53:38
official_xiaohongshu|7e14b563df75faa5487b4d7c196a6c2b,CLOSED,2026-03-16 19:53:38
official_xiaohongshu|d5c33cb0e43963f0bf116e7ac1f39b27,CLOSED,2026-03-16 19:53:38
official_xiaohongshu|4af696eef619d93c0e4b61b5a88d24c4,CLOSED,2026-03-16 19:53:38
official_xiaohongshu|20ac41d5211f39b15911f8892ddc69a2,CLOSED,2026-03-16 19:53:38
official_xiaohongshu|9e2a2852bf2459bb17a9cf82167ebe6d,CLOSED,2026-03-16 19:53:38
official_xiaohongshu|4e9e971da48b85fe267d7281724b896f,CLOSED,2026-03-16 19:53:38
official_xiaohongshu|79593dbffb3c6e7d5130858ae9052606,CLOSED,2026-03-16 19:53:38
official_xiaohongshu|999e0e6c580cf1e0587983b937429f65,CLOSED,2026-03-16 19:53:38
official_xiaohongshu|ec0d756cb34e9831c212533017708556,CLOSED,2026-03-16 19:53:38
official_xiaohongshu|2dac28920987e43865a3640332aec887,CLOSED,2026-03-16 19:53:38
official_xiaohongshu|bc539808c62ee29815c698ad11be8440,CLOSED,2026-03-16 19:53:38
official_xiaohongshu|01205af346ccef52b41bbdcf4a75675b,CLOSED,2026-03-16 19:53:38
official_xiaohongshu|8dfdec280c237c03e4d7e5a1eeb995b7,CLOSED,2026-03-16 19:53:38
official_xiaohongshu|ba9f6954a007fdecbb29d91f1ad87606,CLOSED,2026-03-16 19:53:38
official_xiaohongshu|6ab6a8b11641845ae514b31c33d66b0d,CLOSED,2026-03-16 19:53:38
official_xiaohongshu|af74a6475b8d81a18508848e7b563b11,CLOSED,2026-03-16 19:53:38
official_xiaohongshu|2df79cc3dae7a916a378ea5ca6921586,CLOSED,2026-03-16 19:53:38
official_xiaohongshu|67e728d7b743789b6195277e75d264c2,CLOSED,2026-03-16 19:53:38
official_xiaohongshu|539edfbcf86af01f1bba64a5bd033449,CLOSED,2026-03-16 19:53:38
official_xiaohongshu|7b225c3dded4dc3e4e3aa0fb598b416d,CLOSED,2026-03-16 19:53:38
official_xiaohongshu|d43b8e54afc4ecc29cd6754bf2fd5e42,CLOSED,2026-03-16 19:53:38
official_xiaohongshu|70e72227b4c3e7c0eb69bf00838afcb9,CLOSED,2026-03-16 19:53:38
official_xiaohongshu|f5b1b520e7a7fc02603d90642f156810,CLOSED,2026-03-16 19:53:38
official_xiaohongshu|27a557a8db65c2588611c0329aed6b5f,CLOSED,2026-03-16 19:53:38
official_xiaohongshu|983f0e3fc4dd3894d2ae6317d04bd433,CLOSED,2026-03-16 19:53:38
official_xiaohongshu|9da8b18fbc44396ddd9713fbcba2b5b8,CLOSED,2026-03-16 19:53:38
official_xiaohongshu|cfacf688cd1d283aaa7eb4c18b0a24fd,CLOSED,2026-03-16 19:53:38
official_xiaohongshu|8263d19fae11bce8b6720ef7e56e7417,CLOSED,2026-03-16 19:53:38
official_xiaohongshu|e785dda04a888fdf760a985edd45b130,CLOSED,2026-03-16 19:53:38
official_xiaohongshu|8a685785afb74ec1c49992452b1bbe3a,CLOSED,2026-03-16 19:53:38
official_xiaohongshu|ad0b700ebead358d2b1575369ac9589e,CLOSED,2026-03-16 19:53:38
official_xiaohongshu|38dd5b26b0ed5947878b0fb3412e5ca0,CLOSED,2026-03-16 19:53:38
official_xiaohongshu|d88096a52f7822e3c716b1b12297fb64,CLOSED,2026-03-16 19:53:38
official_xiaohongshu|63bbcba1b055139dce96d70f166f581a,CLOSED,2026-03-16 19:53:38
official_xiaohongshu|a17d90292b8de3e7e4d338280025d586,CLOSED,2026-03-16 19:53:38
official_xiaohongshu|6d606e33178fbca605a736a6fdc09748,CLOSED,2026-03-16 19:53:38
official_xiaohongshu|ebf5b25e009a11a117120ff87d94dcb3,CLOSED,2026-03-16 19:53:38
official_xiaohongshu|5b3de26ebdefa0f862026af7686ca792,CLOSED,2026-03-16 19:53:38
official_xiaohongshu|b959d9c33192be60dcc8296e96d86234,CLOSED,2026-03-16 19:53:38
official_xiaohongshu|74fa1cbb9bc98d742a96e93324f86e76,CLOSED,2026-03-16 19:53:38
official_xiaohongshu|6942285e6e94f4d08f531cea2dcbedb5,CLOSED,2026-03-16 19:53:38
official_xiaohongshu|ca8b35a7480d268a83d14745ee9635c7,CLOSED,2026-03-16 19:53:38
official_xiaohongshu|e40ce3c114cc132609dd8d003d696864,CLOSED,2026-03-16 19:53:38
official_xiaohongshu|d61818da625da311f231d98260ad3204,CLOSED,2026-03-16 19:53:38
official_xiaohongshu|c864b054daa0fac3e61c04eb89ff4d0c,CLOSED,2026-03-16 19:53:38
official_xiaohongshu|984207adb2396ea90561d755ada5631b,CLOSED,2026-03-16 19:53:38
official_xiaohongshu|7e24faa314291a2e3ec3daa7d06e5b3b,CLOSED,2026-03-16 19:53:38
official_xiaohongshu|35ef1fce576456cb5680735c84c9db44,CLOSED,2026-03-16 19:53:38
official_xiaohongshu|fde1fdd7f7619e9098f954546115d85c,CLOSED,2026-03-16 19:53:38
official_xiaohongshu|addd82e6bf72afdd4ce5439c653502e1,CLOSED,2026-03-16 19:53:38
official_xiaohongshu|e61f710eb927a07d155c2bdd0a4b4d6f,CLOSED,2026-03-16 19:53:38
official_xiaohongshu|e622a34e981ffcd44dc8aacbc4bcff26,CLOSED,2026-03-16 19:53:38
official_xiaohongshu|f352e76029b2d3c57a2a2bbc8f82323c,CLOSED,2026-03-16 19:53:38
official_xiaohongshu|0a5443bf0a77f915bd0fb2d57bb7ce8b,CLOSED,2026-03-16 19:53:38
official_xiaohongshu|4da79fa7fdab788ce1048d483bdecf13,CLOSED,2026-03-16 19:53:38
official_xiaohongshu|d2fb82b63c1f55d0c78c7e8c7a729a25,CLOSED,2026-03-16 19:53:38
official_xiaohongshu|3d93d492c6e13aa69e1e9785c7b39220,CLOSED,2026-03-16 19:53:38
official_xiaohongshu|f74cc432eeff849c2c6aaca2090928ad,CLOSED,2026-03-16 19:53:38
official_xiaohongshu|5d84e91bf954a6fcdc12ce0dd0ff7de3,CLOSED,2026-03-16 19:53:38
official_xiaohongshu|e05303891ac6d25673ae6b44b5849dea,CLOSED,2026-03-16 19:53:38
official_xiaohongshu|b8c00e1af2652ab45df74bb01d41a0c3,CLOSED,2026-03-16 19:53:38
official_xiaohongshu|4c29ae91ced2a2960f32503fa34b879d,CLOSED,2026-03-16 19:53:38
official_xiaohongshu|34af5340e1705057663786c147cd974e,CLOSED,2026-03-16 19:53:38
official_xiaohongshu|5130365d8a5da70c2608a2438403cf1d,CLOSED,2026-03-16 19:53:38
official_xiaohongshu|5b4ae12a822c733746da7344a14b46f8,CLOSED,2026-03-16 19:53:38
official_xiaohongshu|16146765e83206ea232980e596e1f6c7,CLOSED,2026-03-16 19:53:38
official_xiaohongshu|fd4a7459456018253657b979575c8665,CLOSED,2026-03-16 19:53:38
official_xiaohongshu|230be744818e387284a1675b4e27462e,CLOSED,2026-03-16 19:53:38
official_xiaohongshu|0993424f6bb556e3673e11f7b59fffda,CLOSED,2026-03-16 19:53:38
official_xiaohongshu|0269a97c8ac93aafbb8ba5edebdb28dd,CLOSED,2026-03-16 19:53:38
official_xiaohongshu|e68d9558b75ebf68e455ef050add66e8,CLOSED,2026-03-16 19:53:38
official_xiaohongshu|a0f0ec5a4eaab142d10975455d6c52eb,CLOSED,2026-03-16 19:53:38
official_xiaohongshu|81b7e3939a6e9c350c7663088d7ffcf8,CLOSED,2026-03-16 19:53:38
official_xiaohongshu|21a4f230386769f5f01c3d8c12f8d91c,CLOSED,2026-03-16 19:53:38
official_xiaohongshu|f63c51fcdf5c0069cab88d82a5c9c27e,CLOSED,2026-03-16 19:53:38
official_xiaohongshu|f3fa2587db1cf08cd652a44e00be1993,CLOSED,2026-03-16 19:53:38
